Date,Banks,Indicator
2014-12-01,BNC,647.0
2015-03-01,BNC,638.0
2015-06-01,BNC,636.0
2015-09-01,BNC,623.0
2015-12-01,BNC,704.0
2016-03-01,BNC,737.0
2016-06-01,BNC,735.0
2016-09-01,BNC,743.0
2016-12-01,BNC,827.0
2017-03-01,BNC,825.0
2017-06-01,BNC,827.0
2017-09-01,BNC,816.0
2017-12-01,BNC,806.0
2018-03-01,BNC,806.0
2018-06-01,BNC,801.0
2018-09-01,BNC,787.0
2018-12-01,BNC,783.0
2019-03-01,BNC,781.0
2019-06-01,BNC,776.0
2019-09-01,BNC,770.0
2019-12-01,BNC,850.0
2020-03-01,BNC,843.0
2020-06-01,BNC,845.0
2020-09-01,BNC,841.0
2020-12-01,BNC,835.0
2021-03-01,BNC,821.0
2021-06-01,BNC,813.0
2021-09-01,BNC,784.0
2021-12-01,BNC,766.0
2014-12-01,BPH,155.0
2015-03-01,BPH,156.0
2015-06-01,BPH,159.0
2015-09-01,BPH,159.0
2015-12-01,BPH,161.0
2016-03-01,BPH,164.0
2016-06-01,BPH,168.0
2016-09-01,BPH,180.0
2016-12-01,BPH,145.0
2017-03-01,BPH,140.0
2017-06-01,BPH,139.0
2017-09-01,BPH,134.0
2017-12-01,BPH,133.0
2018-03-01,BPH,133.0
2018-06-01,BPH,132.0
2018-09-01,BPH,127.0
2018-12-01,BPH,123.0
2019-03-01,BPH,130.0
2019-06-01,BPH,130.0
2019-09-01,BPH,130.0
2019-12-01,BPH,123.0
2020-03-01,BPH,133.0
2020-06-01,BPH,123.0
2020-09-01,BPH,128.0
2020-12-01,BPH,128.0
2021-03-01,BPH,135.0
2021-06-01,BPH,138.0
2021-09-01,BPH,138.0
2021-12-01,BPH,130.0
2014-12-01,BUH,192.0
2015-03-01,BUH,191.0
2015-06-01,BUH,194.0
2015-09-01,BUH,208.0
2015-12-01,BUH,228.0
2016-03-01,BUH,232.0
2016-06-01,BUH,229.0
2016-09-01,BUH,240.0
2016-12-01,BUH,251.0
2017-03-01,BUH,254.0
2017-06-01,BUH,254.0
2017-09-01,BUH,245.0
2017-12-01,BUH,246.0
2018-03-01,BUH,245.0
2018-06-01,BUH,273.0
2018-09-01,BUH,278.0
2018-12-01,BUH,351.0
2019-03-01,BUH,351.0
2019-06-01,BUH,374.0
2019-09-01,BUH,380.0
2019-12-01,BUH,381.0
2020-03-01,BUH,388.0
2020-06-01,BUH,394.0
2020-09-01,BUH,400.0
2020-12-01,BUH,420.0
2021-03-01,BUH,468.0
2021-06-01,BUH,474.0
2021-09-01,BUH,467.0
2021-12-01,BUH,471.0
2014-12-01,SOGEBK,1454.0
2015-03-01,SOGEBK,1456.0
2015-06-01,SOGEBK,1454.0
2015-09-01,SOGEBK,1466.0
2015-12-01,SOGEBK,1441.0
2016-03-01,SOGEBK,1416.0
2016-06-01,SOGEBK,1414.0
2016-09-01,SOGEBK,1403.0
2016-12-01,SOGEBK,1412.0
2017-03-01,SOGEBK,1411.0
2017-06-01,SOGEBK,1436.0
2017-09-01,SOGEBK,1459.0
2017-12-01,SOGEBK,1425.0
2018-03-01,SOGEBK,1460.0
2018-06-01,SOGEBK,1450.0
2018-09-01,SOGEBK,1427.0
2018-12-01,SOGEBK,1407.0
2019-03-01,SOGEBK,1371.0
2019-06-01,SOGEBK,1356.0
2019-09-01,SOGEBK,1344.0
2019-12-01,SOGEBK,1325.0
2020-03-01,SOGEBK,1278.0
2020-06-01,SOGEBK,1254.0
2020-09-01,SOGEBK,1297.0
2020-12-01,SOGEBK,1223.0
2021-03-01,SOGEBK,1222.0
2021-06-01,SOGEBK,1215.0
2021-09-01,SOGEBK,1174.0
2021-12-01,SOGEBK,1163.0
2014-12-01,UNIBK,1124.0
2015-03-01,UNIBK,1131.0
2015-06-01,UNIBK,1150.0
2015-09-01,UNIBK,1155.0
2015-12-01,UNIBK,1186.0
2016-03-01,UNIBK,1182.0
2016-06-01,UNIBK,1192.0
2016-09-01,UNIBK,1210.0
2016-12-01,UNIBK,1205.0
2017-03-01,UNIBK,1292.0
2017-06-01,UNIBK,1240.0
2017-09-01,UNIBK,1311.0
2017-12-01,UNIBK,1314.0
2018-03-01,UNIBK,1322.0
2018-06-01,UNIBK,1315.0
2018-09-01,UNIBK,1287.0
2018-12-01,UNIBK,1272.0
2019-03-01,UNIBK,1265.0
2019-06-01,UNIBK,1264.0
2019-09-01,UNIBK,1275.0
2019-12-01,UNIBK,1290.0
2020-03-01,UNIBK,1307.0
2020-06-01,UNIBK,1304.0
2020-09-01,UNIBK,1323.0
2020-12-01,UNIBK,1295.0
2021-03-01,UNIBK,1299.0
2021-06-01,UNIBK,1307.0
2021-09-01,UNIBK,1308.0
2021-12-01,UNIBK,1317.0
2014-12-01,CAPITALBK,531.0
2015-03-01,CAPITALBK,550.0
2015-06-01,CAPITALBK,551.0
2015-09-01,CAPITALBK,569.0
2015-12-01,CAPITALBK,603.0
2016-03-01,CAPITALBK,599.0
2016-06-01,CAPITALBK,614.0
2016-09-01,CAPITALBK,621.0
2016-12-01,CAPITALBK,643.0
2017-03-01,CAPITALBK,652.0
2017-06-01,CAPITALBK,671.0
2017-09-01,CAPITALBK,665.0
2017-12-01,CAPITALBK,686.0
2018-03-01,CAPITALBK,707.0
2018-06-01,CAPITALBK,716.0
2018-09-01,CAPITALBK,774.0
2018-12-01,CAPITALBK,754.0
2019-03-01,CAPITALBK,744.0
2019-06-01,CAPITALBK,774.0
2019-09-01,CAPITALBK,790.0
2019-12-01,CAPITALBK,781.0
2020-03-01,CAPITALBK,792.0
2020-06-01,CAPITALBK,749.0
2020-09-01,CAPITALBK,772.0
2020-12-01,CAPITALBK,778.0
2021-03-01,CAPITALBK,802.0
2021-06-01,CAPITALBK,811.0
2021-09-01,CAPITALBK,812.0
2021-12-01,CAPITALBK,805.0
2014-12-01,SOGEBL,68.0
2015-03-01,SOGEBL,69.0
2015-06-01,SOGEBL,70.0
2015-09-01,SOGEBL,71.0
2015-12-01,SOGEBL,70.0
2016-03-01,SOGEBL,71.0
2016-06-01,SOGEBL,71.0
2016-09-01,SOGEBL,69.0
2016-12-01,SOGEBL,70.0
2017-03-01,SOGEBL,73.0
2017-06-01,SOGEBL,73.0
2017-09-01,SOGEBL,73.0
2017-12-01,SOGEBL,72.0
2018-03-01,SOGEBL,73.0
2018-06-01,SOGEBL,74.0
2018-09-01,SOGEBL,74.0
2018-12-01,SOGEBL,74.0
2019-03-01,SOGEBL,74.0
2019-06-01,SOGEBL,74.0
2019-09-01,SOGEBL,75.0
2019-12-01,SOGEBL,72.0
2020-03-01,SOGEBL,74.0
2020-06-01,SOGEBL,73.0
2020-09-01,SOGEBL,71.0
2020-12-01,SOGEBL,75.0
2021-03-01,SOGEBL,78.0
2021-06-01,SOGEBL,79.0
2021-09-01,SOGEBL,77.0
2021-12-01,SOGEBL,78.0
2014-12-01,CBNA,32.0
2015-03-01,CBNA,34.0
2015-06-01,CBNA,37.0
2015-09-01,CBNA,38.0
2015-12-01,CBNA,38.0
2016-03-01,CBNA,36.0
2016-06-01,CBNA,36.0
2016-09-01,CBNA,37.0
2016-12-01,CBNA,35.0
2017-03-01,CBNA,34.0
2017-06-01,CBNA,33.0
2017-09-01,CBNA,31.0
2017-12-01,CBNA,31.0
2018-03-01,CBNA,31.0
2018-06-01,CBNA,30.0
2018-09-01,CBNA,32.0
2018-12-01,CBNA,31.0
2019-03-01,CBNA,29.0
2019-06-01,CBNA,28.0
2019-09-01,CBNA,29.0
2019-12-01,CBNA,29.0
2020-03-01,CBNA,28.0
2020-06-01,CBNA,28.0
2020-09-01,CBNA,26.0
2020-12-01,CBNA,25.0
2021-03-01,CBNA,26.0
2021-06-01,CBNA,27.0
2021-09-01,CBNA,24.0
2021-12-01,CBNA,25.0
2014-12-01,SCOTIA,85.0
2015-03-01,SCOTIA,86.0
2015-06-01,SCOTIA,86.0
2015-09-01,SCOTIA,88.0
2015-12-01,SCOTIA,90.0
2016-03-01,SCOTIA,88.0
2016-06-01,SCOTIA,90.0
2016-09-01,SCOTIA,91.0
2016-12-01,SCOTIA,88.0
2017-03-01,SCOTIA,0.0
2017-06-01,SCOTIA,0.0
2017-09-01,SCOTIA,0.0
2017-12-01,SCOTIA,0.0
2018-03-01,SCOTIA,0.0
2018-06-01,SCOTIA,0.0
2018-09-01,SCOTIA,0.0
2018-12-01,SCOTIA,0.0
2019-03-01,SCOTIA,0.0
2019-06-01,SCOTIA,0.0
2019-09-01,SCOTIA,0.0
2019-12-01,SCOTIA,0.0
2020-03-01,SCOTIA,0.0
2020-06-01,SCOTIA,0.0
2020-09-01,SCOTIA,0.0
2020-12-01,SCOTIA,0.0
2021-03-01,SCOTIA,0.0
2021-06-01,SCOTIA,0.0
2021-09-01,SCOTIA,0.0
2021-12-01,SCOTIA,0.0
2014-12-01,TOTAL,4288.0
2015-03-01,TOTAL,4311.0
2015-06-01,TOTAL,4337.0
2015-09-01,TOTAL,4377.0
2015-12-01,TOTAL,4521.0
2016-03-01,TOTAL,4525.0
2016-06-01,TOTAL,4549.0
2016-09-01,TOTAL,4594.0
2016-12-01,TOTAL,4676.0
2017-03-01,TOTAL,4681.0
2017-06-01,TOTAL,4673.0
2017-09-01,TOTAL,4734.0
2017-12-01,TOTAL,4713.0
2018-03-01,TOTAL,4777.0
2018-06-01,TOTAL,4791.0
2018-09-01,TOTAL,4786.0
2018-12-01,TOTAL,4795.0
2019-03-01,TOTAL,4745.0
2019-06-01,TOTAL,4776.0
2019-09-01,TOTAL,4793.0
2019-12-01,TOTAL,4851.0
2020-03-01,TOTAL,4843.0
2020-06-01,TOTAL,4770.0
2020-09-01,TOTAL,4858.0
2020-12-01,TOTAL,4779.0
2021-03-01,TOTAL,4851.0
2021-06-01,TOTAL,4864.0
2021-09-01,TOTAL,4784.0
2021-12-01,TOTAL,4755.0
1998-09-01,BICH,10.0
1998-12-01,BICH,10.0
1999-03-01,BICH,10.0
1999-06-01,BICH,10.0
1999-09-01,BICH,10.0
1999-12-01,BICH,9.0
2000-03-01,BICH,10.0
2000-06-01,BICH,10.0
2000-09-01,BICH,10.0
2000-12-01,BICH,11.0
2001-03-01,BICH,11.0
2001-06-01,BICH,10.0
2001-09-01,BICH,10.0
2001-12-01,BICH,10.0
2002-03-01,BICH,10.0
2002-06-01,BICH,10.0
2002-09-01,BICH,10.0
2002-12-01,BICH,9.0
2003-03-01,BICH,10.0
2003-06-01,BICH,9.0
2003-09-01,BICH,10.0
2003-12-01,BICH,10.0
2004-03-01,BICH,8.0
2004-06-01,BICH,9.0
2004-09-01,BICH,9.0
2004-12-01,BICH,10.0
2005-03-01,BICH,10.0
2005-06-01,BICH,9.0
2005-09-01,BICH,9.0
2005-12-01,BICH,9.0
2006-03-01,BICH,9.0
2006-06-01,BICH,0.0
2006-09-01,BICH,0.0
2006-12-01,BICH,0.0
2007-03-01,BICH,0.0
2007-06-01,BICH,0.0
2007-09-01,BICH,0.0
2007-12-01,BICH,0.0
2008-03-01,BICH,0.0
2008-06-01,BICH,0.0
2008-09-01,BICH,0.0
2008-12-01,BICH,0.0
2009-03-01,BICH,0.0
2009-06-01,BICH,0.0
2009-09-01,BICH,0.0
2009-12-01,BICH,0.0
2010-03-01,BICH,0.0
2010-06-01,BICH,0.0
2010-09-01,BICH,0.0
2010-12-01,BICH,0.0
2011-03-01,BICH,0.0
2011-06-01,BICH,0.0
2011-09-01,BICH,0.0
2011-12-01,BICH,0.0
2012-03-01,BICH,0.0
2012-06-01,BICH,0.0
2012-09-01,BICH,0.0
2012-12-01,BICH,0.0
2013-03-01,BICH,0.0
2013-06-01,BICH,0.0
2013-09-01,BICH,0.0
2013-12-01,BICH,0.0
2014-03-01,BICH,0.0
2014-06-01,BICH,0.0
2014-09-01,BICH,0.0
2014-12-01,BICH,0.0
2015-03-01,BICH,0.0
2015-06-01,BICH,0.0
2015-09-01,BICH,0.0
2015-12-01,BICH,0.0
2016-03-01,BICH,0.0
2016-06-01,BICH,0.0
2016-09-01,BICH,0.0
2016-12-01,BICH,0.0
2017-03-01,BICH,0.0
2017-06-01,BICH,0.0
2017-09-01,BICH,0.0
2017-12-01,BICH,0.0
2018-03-01,BICH,0.0
2018-06-01,BICH,0.0
2018-09-01,BICH,0.0
2018-12-01,BICH,0.0
1998-09-01,BNC,543.0
1998-12-01,BNC,452.0
1999-03-01,BNC,454.0
1999-06-01,BNC,452.0
1999-09-01,BNC,316.0
1999-12-01,BNC,233.0
2000-03-01,BNC,233.0
2000-06-01,BNC,195.0
2000-09-01,BNC,213.0
2000-12-01,BNC,213.0
2001-03-01,BNC,238.0
2001-06-01,BNC,214.0
2001-09-01,BNC,208.0
2001-12-01,BNC,194.0
2002-03-01,BNC,215.0
2002-06-01,BNC,231.0
2002-09-01,BNC,237.0
2002-12-01,BNC,243.0
2003-03-01,BNC,261.0
2003-06-01,BNC,260.0
2003-09-01,BNC,269.0
2003-12-01,BNC,270.0
2004-03-01,BNC,287.0
2004-06-01,BNC,293.0
2004-09-01,BNC,293.0
2004-12-01,BNC,308.0
2005-03-01,BNC,308.0
2005-06-01,BNC,350.0
2005-09-01,BNC,350.0
2005-12-01,BNC,305.0
2006-03-01,BNC,306.0
2006-06-01,BNC,329.0
2006-09-01,BNC,314.0
2006-12-01,BNC,323.0
2007-03-01,BNC,737.0
2007-06-01,BNC,677.0
2007-09-01,BNC,884.0
2007-12-01,BNC,526.0
2008-03-01,BNC,526.0
2008-06-01,BNC,494.0
2008-09-01,BNC,545.0
2008-12-01,BNC,525.0
2009-03-01,BNC,518.0
2009-06-01,BNC,570.0
2009-09-01,BNC,560.0
2009-12-01,BNC,560.0
2010-03-01,BNC,511.0
2010-06-01,BNC,503.0
2010-09-01,BNC,496.0
2010-12-01,BNC,489.0
2011-03-01,BNC,480.0
2011-06-01,BNC,493.0
2011-09-01,BNC,490.0
2011-12-01,BNC,547.0
2012-03-01,BNC,543.0
2012-06-01,BNC,535.0
2012-09-01,BNC,531.0
2012-12-01,BNC,583.0
2013-03-01,BNC,568.0
2013-06-01,BNC,575.0
2013-09-01,BNC,574.0
2013-12-01,BNC,575.0
2014-03-01,BNC,635.0
2014-06-01,BNC,626.0
2014-09-01,BNC,655.0
1998-09-01,BPH,102.0
1998-12-01,BPH,111.0
1999-03-01,BPH,105.0
1999-06-01,BPH,106.0
1999-09-01,BPH,107.0
1999-12-01,BPH,111.0
2000-03-01,BPH,110.0
2000-06-01,BPH,105.0
2000-09-01,BPH,103.0
2000-12-01,BPH,102.0
2001-03-01,BPH,100.0
2001-06-01,BPH,98.0
2001-09-01,BPH,96.0
2001-12-01,BPH,99.0
2002-03-01,BPH,99.0
2002-06-01,BPH,104.0
2002-09-01,BPH,109.0
2002-12-01,BPH,112.0
2003-03-01,BPH,119.0
2003-06-01,BPH,116.0
2003-09-01,BPH,131.0
2003-12-01,BPH,120.0
2004-03-01,BPH,118.0
2004-06-01,BPH,119.0
2004-09-01,BPH,118.0
2004-12-01,BPH,119.0
2005-03-01,BPH,118.0
2005-06-01,BPH,117.0
2005-09-01,BPH,117.0
2005-12-01,BPH,127.0
2006-03-01,BPH,124.0
2006-06-01,BPH,125.0
2006-09-01,BPH,126.0
2006-12-01,BPH,128.0
2007-03-01,BPH,132.0
2007-06-01,BPH,128.0
2007-09-01,BPH,126.0
2007-12-01,BPH,133.0
2008-03-01,BPH,135.0
2008-06-01,BPH,131.0
2008-09-01,BPH,138.0
2008-12-01,BPH,139.0
2009-03-01,BPH,138.0
2009-06-01,BPH,137.0
2009-09-01,BPH,135.0
2009-12-01,BPH,137.0
2010-03-01,BPH,129.0
2010-06-01,BPH,129.0
2010-09-01,BPH,123.0
2010-12-01,BPH,117.0
2011-03-01,BPH,112.0
2011-06-01,BPH,119.0
2011-09-01,BPH,128.0
2011-12-01,BPH,124.0
2012-03-01,BPH,127.0
2012-06-01,BPH,133.0
2012-09-01,BPH,144.0
2012-12-01,BPH,144.0
2013-03-01,BPH,141.0
2013-06-01,BPH,138.0
2013-09-01,BPH,141.0
2013-12-01,BPH,143.0
2014-03-01,BPH,143.0
2014-06-01,BPH,152.0
2014-09-01,BPH,155.0
1998-09-01,BUH,335.0
1998-12-01,BUH,364.0
1999-03-01,BUH,371.0
1999-06-01,BUH,376.0
1999-09-01,BUH,383.0
1999-12-01,BUH,385.0
2000-03-01,BUH,389.0
2000-06-01,BUH,377.0
2000-09-01,BUH,310.0
2000-12-01,BUH,306.0
2001-03-01,BUH,281.0
2001-06-01,BUH,287.0
2001-09-01,BUH,257.0
2001-12-01,BUH,263.0
2002-03-01,BUH,249.0
2002-06-01,BUH,244.0
2002-09-01,BUH,249.0
2002-12-01,BUH,358.0
2003-03-01,BUH,343.0
2003-06-01,BUH,345.0
2003-09-01,BUH,362.0
2003-12-01,BUH,365.0
2004-03-01,BUH,371.0
2004-06-01,BUH,379.0
2004-09-01,BUH,376.0
2004-12-01,BUH,390.0
2005-03-01,BUH,384.0
2005-06-01,BUH,391.0
2005-09-01,BUH,456.0
2005-12-01,BUH,477.0
2006-03-01,BUH,486.0
2006-06-01,BUH,476.0
2006-09-01,BUH,348.0
2006-12-01,BUH,328.0
2007-03-01,BUH,354.0
2007-06-01,BUH,360.0
2007-09-01,BUH,380.0
2007-12-01,BUH,513.0
2008-03-01,BUH,365.0
2008-06-01,BUH,356.0
2008-09-01,BUH,353.0
2008-12-01,BUH,307.0
2009-03-01,BUH,295.0
2009-06-01,BUH,289.0
2009-09-01,BUH,270.0
2009-12-01,BUH,272.0
2010-03-01,BUH,256.0
2010-06-01,BUH,247.0
2010-09-01,BUH,249.0
2010-12-01,BUH,252.0
2011-03-01,BUH,246.0
2011-06-01,BUH,244.0
2011-09-01,BUH,238.0
2011-12-01,BUH,213.0
2012-03-01,BUH,211.0
2012-06-01,BUH,213.0
2012-09-01,BUH,213.0
2012-12-01,BUH,211.0
2013-03-01,BUH,217.0
2013-06-01,BUH,213.0
2013-09-01,BUH,208.0
2013-12-01,BUH,206.0
2014-03-01,BUH,195.0
2014-06-01,BUH,192.0
2014-09-01,BUH,191.0
1998-09-01,PROMOBK ,165.0
1998-12-01,PROMOBK ,163.0
1999-03-01,PROMOBK ,161.0
1999-06-01,PROMOBK ,160.0
1999-09-01,PROMOBK ,164.0
1999-12-01,PROMOBK ,164.0
2000-03-01,PROMOBK ,164.0
2000-06-01,PROMOBK ,165.0
2000-09-01,PROMOBK ,168.0
2000-12-01,PROMOBK ,174.0
2001-03-01,PROMOBK ,181.0
2001-06-01,PROMOBK ,182.0
2001-09-01,PROMOBK ,186.0
2001-12-01,PROMOBK ,195.0
2002-03-01,PROMOBK ,168.0
2002-06-01,PROMOBK ,165.0
2002-09-01,PROMOBK ,170.0
2002-12-01,PROMOBK ,176.0
2003-03-01,PROMOBK ,172.0
2003-06-01,PROMOBK ,175.0
2003-09-01,PROMOBK ,181.0
2003-12-01,PROMOBK ,182.0
2004-03-01,PROMOBK ,198.0
2004-06-01,PROMOBK ,201.0
2004-09-01,PROMOBK ,198.0
2004-12-01,PROMOBK ,200.0
2005-03-01,PROMOBK ,202.0
2005-06-01,PROMOBK ,198.0
2005-09-01,PROMOBK ,190.0
2005-12-01,PROMOBK ,185.0
2006-03-01,PROMOBK ,180.0
2006-06-01,PROMOBK ,177.0
2006-09-01,PROMOBK ,
2006-12-01,PROMOBK ,
2007-03-01,PROMOBK ,
2007-06-01,PROMOBK ,
2007-09-01,PROMOBK ,
2007-12-01,PROMOBK ,
2008-03-01,PROMOBK ,
2008-06-01,PROMOBK ,
2008-09-01,PROMOBK ,
2008-12-01,PROMOBK ,
2009-03-01,PROMOBK ,
2009-06-01,PROMOBK ,
2009-09-01,PROMOBK ,
2009-12-01,PROMOBK ,
2010-03-01,PROMOBK ,
2010-06-01,PROMOBK ,
2010-09-01,PROMOBK ,
2010-12-01,PROMOBK ,
2011-03-01,PROMOBK ,
2011-06-01,PROMOBK ,
2011-09-01,PROMOBK ,
2011-12-01,PROMOBK ,
2012-03-01,PROMOBK ,
2012-06-01,PROMOBK ,
2012-09-01,PROMOBK ,
2012-12-01,PROMOBK ,
2013-03-01,PROMOBK ,
2013-06-01,PROMOBK ,
2013-09-01,PROMOBK ,
2013-12-01,PROMOBK ,
2014-03-01,PROMOBK ,
2014-06-01,PROMOBK ,
2014-09-01,PROMOBK ,
2014-12-01,PROMOBK ,
2015-03-01,PROMOBK ,
2015-06-01,PROMOBK ,
2015-09-01,PROMOBK ,
2015-12-01,PROMOBK ,
2016-03-01,PROMOBK ,
2016-06-01,PROMOBK ,
2016-09-01,PROMOBK ,
2016-12-01,PROMOBK ,
2017-03-01,PROMOBK ,
2017-06-01,PROMOBK ,
2017-09-01,PROMOBK ,
2017-12-01,PROMOBK ,
2018-03-01,PROMOBK ,
2018-06-01,PROMOBK ,
2018-09-01,PROMOBK ,
2018-12-01,PROMOBK ,
1998-09-01,SOCABK,144.0
1998-12-01,SOCABK,150.0
1999-03-01,SOCABK,152.0
1999-06-01,SOCABK,164.0
1999-09-01,SOCABK,177.0
1999-12-01,SOCABK,188.0
2000-03-01,SOCABK,206.0
2000-06-01,SOCABK,218.0
2000-09-01,SOCABK,230.0
2000-12-01,SOCABK,236.0
2001-03-01,SOCABK,262.0
2001-06-01,SOCABK,277.0
2001-09-01,SOCABK,290.0
2001-12-01,SOCABK,302.0
2002-03-01,SOCABK,315.0
2002-06-01,SOCABK,326.0
2002-09-01,SOCABK,321.0
2002-12-01,SOCABK,329.0
2003-03-01,SOCABK,350.0
2003-06-01,SOCABK,375.0
2003-09-01,SOCABK,358.0
2003-12-01,SOCABK,377.0
2004-03-01,SOCABK,362.0
2004-06-01,SOCABK,360.0
2004-09-01,SOCABK,367.0
2004-12-01,SOCABK,392.0
2005-03-01,SOCABK,404.0
2005-06-01,SOCABK,378.0
2005-09-01,SOCABK,589.0
2005-12-01,SOCABK,498.0
2006-03-01,SOCABK,454.0
2006-06-01,SOCABK,428.0
2006-09-01,SOCABK,413.0
2006-12-01,SOCABK,424.0
2007-03-01,SOCABK,
2007-06-01,SOCABK,
2007-09-01,SOCABK,
2007-12-01,SOCABK,
2008-03-01,SOCABK,
2008-06-01,SOCABK,
2008-09-01,SOCABK,
2008-12-01,SOCABK,
2009-03-01,SOCABK,
2009-06-01,SOCABK,
2009-09-01,SOCABK,
2009-12-01,SOCABK,
2010-03-01,SOCABK,
2010-06-01,SOCABK,
2010-09-01,SOCABK,
2010-12-01,SOCABK,
2011-03-01,SOCABK,
2011-06-01,SOCABK,
2011-09-01,SOCABK,
2011-12-01,SOCABK,
2012-03-01,SOCABK,
2012-06-01,SOCABK,
2012-09-01,SOCABK,
2012-12-01,SOCABK,
2013-03-01,SOCABK,
2013-06-01,SOCABK,
2013-09-01,SOCABK,
2013-12-01,SOCABK,
2014-03-01,SOCABK,
2014-06-01,SOCABK,
2014-09-01,SOCABK,
2014-12-01,SOCABK,
2015-03-01,SOCABK,
2015-06-01,SOCABK,
2015-09-01,SOCABK,
2015-12-01,SOCABK,
2016-03-01,SOCABK,
2016-06-01,SOCABK,
2016-09-01,SOCABK,
2016-12-01,SOCABK,
2017-03-01,SOCABK,
2017-06-01,SOCABK,
2017-09-01,SOCABK,
2017-12-01,SOCABK,
2018-03-01,SOCABK,
2018-06-01,SOCABK,
2018-09-01,SOCABK,
2018-12-01,SOCABK,
1998-09-01,SOCABL,0.0
1998-12-01,SOCABL,0.0
1999-03-01,SOCABL,0.0
1999-06-01,SOCABL,0.0
1999-09-01,SOCABL,0.0
1999-12-01,SOCABL,0.0
2000-03-01,SOCABL,0.0
2000-06-01,SOCABL,0.0
2000-09-01,SOCABL,0.0
2000-12-01,SOCABL,0.0
2001-03-01,SOCABL,0.0
2001-06-01,SOCABL,0.0
2001-09-01,SOCABL,0.0
2001-12-01,SOCABL,0.0
2002-03-01,SOCABL,0.0
2002-06-01,SOCABL,20.0
2002-09-01,SOCABL,20.0
2002-12-01,SOCABL,20.0
2003-03-01,SOCABL,20.0
2003-06-01,SOCABL,23.0
2003-09-01,SOCABL,23.0
2003-12-01,SOCABL,23.0
2004-03-01,SOCABL,23.0
2004-06-01,SOCABL,23.0
2004-09-01,SOCABL,23.0
2004-12-01,SOCABL,25.0
2005-03-01,SOCABL,24.0
2005-06-01,SOCABL,25.0
2005-09-01,SOCABL,25.0
2005-12-01,SOCABL,26.0
2006-03-01,SOCABL,16.0
2006-06-01,SOCABL,
2006-09-01,SOCABL,
2006-12-01,SOCABL,
2007-03-01,SOCABL,
2007-06-01,SOCABL,
2007-09-01,SOCABL,
2007-12-01,SOCABL,
2008-03-01,SOCABL,
2008-06-01,SOCABL,
2008-09-01,SOCABL,
2008-12-01,SOCABL,
2009-03-01,SOCABL,
2009-06-01,SOCABL,
2009-09-01,SOCABL,
2009-12-01,SOCABL,
2010-03-01,SOCABL,
2010-06-01,SOCABL,
2010-09-01,SOCABL,
2010-12-01,SOCABL,
2011-03-01,SOCABL,
2011-06-01,SOCABL,
2011-09-01,SOCABL,
2011-12-01,SOCABL,
2012-03-01,SOCABL,
2012-06-01,SOCABL,
2012-09-01,SOCABL,
2012-12-01,SOCABL,
2013-03-01,SOCABL,
2013-06-01,SOCABL,
2013-09-01,SOCABL,
2013-12-01,SOCABL,
2014-03-01,SOCABL,
2014-06-01,SOCABL,
2014-09-01,SOCABL,
2014-12-01,SOCABL,
2015-03-01,SOCABL,
2015-06-01,SOCABL,
2015-09-01,SOCABL,
2015-12-01,SOCABL,
2016-03-01,SOCABL,
2016-06-01,SOCABL,
2016-09-01,SOCABL,
2016-12-01,SOCABL,
2017-03-01,SOCABL,
2017-06-01,SOCABL,
2017-09-01,SOCABL,
2017-12-01,SOCABL,
2018-03-01,SOCABL,
2018-06-01,SOCABL,
2018-09-01,SOCABL,
2018-12-01,SOCABL,
1998-09-01,SOGEBK,515.0
1998-12-01,SOGEBK,514.0
1999-03-01,SOGEBK,543.0
1999-06-01,SOGEBK,694.0
1999-09-01,SOGEBK,750.0
1999-12-01,SOGEBK,806.0
2000-03-01,SOGEBK,826.0
2000-06-01,SOGEBK,890.0
2000-09-01,SOGEBK,969.0
2000-12-01,SOGEBK,986.0
2001-03-01,SOGEBK,1130.0
2001-06-01,SOGEBK,997.0
2001-09-01,SOGEBK,1100.0
2001-12-01,SOGEBK,1042.0
2002-03-01,SOGEBK,1055.0
2002-06-01,SOGEBK,988.0
2002-09-01,SOGEBK,972.0
2002-12-01,SOGEBK,836.0
2003-03-01,SOGEBK,831.0
2003-06-01,SOGEBK,831.0
2003-09-01,SOGEBK,841.0
2003-12-01,SOGEBK,868.0
2004-03-01,SOGEBK,863.0
2004-06-01,SOGEBK,820.0
2004-09-01,SOGEBK,898.0
2004-12-01,SOGEBK,911.0
2005-03-01,SOGEBK,912.0
2005-06-01,SOGEBK,922.0
2005-09-01,SOGEBK,942.0
2005-12-01,SOGEBK,953.0
2006-03-01,SOGEBK,956.0
2006-06-01,SOGEBK,975.0
2006-09-01,SOGEBK,1192.0
2006-12-01,SOGEBK,1216.0
2007-03-01,SOGEBK,1192.0
2007-06-01,SOGEBK,1212.0
2007-09-01,SOGEBK,1168.0
2007-12-01,SOGEBK,1155.0
2008-03-01,SOGEBK,1214.0
2008-06-01,SOGEBK,1246.0
2008-09-01,SOGEBK,1245.0
2008-12-01,SOGEBK,1264.0
2009-03-01,SOGEBK,1263.0
2009-06-01,SOGEBK,1256.0
2009-09-01,SOGEBK,1272.0
2009-12-01,SOGEBK,1304.0
2010-03-01,SOGEBK,1187.0
2010-06-01,SOGEBK,1142.0
2010-09-01,SOGEBK,1108.0
2010-12-01,SOGEBK,1086.0
2011-03-01,SOGEBK,1096.0
2011-06-01,SOGEBK,1114.0
2011-09-01,SOGEBK,1150.0
2011-12-01,SOGEBK,1190.0
2012-03-01,SOGEBK,1218.0
2012-06-01,SOGEBK,1241.0
2012-09-01,SOGEBK,1258.0
2012-12-01,SOGEBK,1278.0
2013-03-01,SOGEBK,1280.0
2013-06-01,SOGEBK,1302.0
2013-09-01,SOGEBK,1344.0
2013-12-01,SOGEBK,1362.0
2014-03-01,SOGEBK,1401.0
2014-06-01,SOGEBK,1428.0
2014-09-01,SOGEBK,1450.0
1998-09-01,UNIBK,326.0
1998-12-01,UNIBK,368.0
1999-03-01,UNIBK,392.0
1999-06-01,UNIBK,381.0
1999-09-01,UNIBK,412.0
1999-12-01,UNIBK,455.0
2000-03-01,UNIBK,492.0
2000-06-01,UNIBK,547.0
2000-09-01,UNIBK,570.0
2000-12-01,UNIBK,596.0
2001-03-01,UNIBK,597.0
2001-06-01,UNIBK,621.0
2001-09-01,UNIBK,688.0
2001-12-01,UNIBK,720.0
2002-03-01,UNIBK,830.0
2002-06-01,UNIBK,749.0
2002-09-01,UNIBK,753.0
2002-12-01,UNIBK,662.0
2003-03-01,UNIBK,676.0
2003-06-01,UNIBK,686.0
2003-09-01,UNIBK,695.0
2003-12-01,UNIBK,741.0
2004-03-01,UNIBK,751.0
2004-06-01,UNIBK,756.0
2004-09-01,UNIBK,762.0
2004-12-01,UNIBK,726.0
2005-03-01,UNIBK,754.0
2005-06-01,UNIBK,748.0
2005-09-01,UNIBK,772.0
2005-12-01,UNIBK,789.0
2006-03-01,UNIBK,817.0
2006-06-01,UNIBK,842.0
2006-09-01,UNIBK,874.0
2006-12-01,UNIBK,919.0
2007-03-01,UNIBK,920.0
2007-06-01,UNIBK,929.0
2007-09-01,UNIBK,994.0
2007-12-01,UNIBK,1073.0
2008-03-01,UNIBK,1122.0
2008-06-01,UNIBK,1116.0
2008-09-01,UNIBK,1120.0
2008-12-01,UNIBK,1159.0
2009-03-01,UNIBK,1156.0
2009-06-01,UNIBK,1125.0
2009-09-01,UNIBK,1111.0
2009-12-01,UNIBK,1084.0
2010-03-01,UNIBK,928.0
2010-06-01,UNIBK,913.0
2010-09-01,UNIBK,899.0
2010-12-01,UNIBK,917.0
2011-03-01,UNIBK,947.0
2011-06-01,UNIBK,1555.0
2011-09-01,UNIBK,949.0
2011-12-01,UNIBK,949.0
2012-03-01,UNIBK,983.0
2012-06-01,UNIBK,1027.0
2012-09-01,UNIBK,1034.0
2012-12-01,UNIBK,1025.0
2013-03-01,UNIBK,1015.0
2013-06-01,UNIBK,1046.0
2013-09-01,UNIBK,1038.0
2013-12-01,UNIBK,1035.0
2014-03-01,UNIBK,1084.0
2014-06-01,UNIBK,1101.0
2014-09-01,UNIBK,1107.0
1998-09-01,CAPITALBK,94.0
1998-12-01,CAPITALBK,97.0
1999-03-01,CAPITALBK,120.0
1999-06-01,CAPITALBK,124.0
1999-09-01,CAPITALBK,157.0
1999-12-01,CAPITALBK,146.0
2000-03-01,CAPITALBK,146.0
2000-06-01,CAPITALBK,154.0
2000-09-01,CAPITALBK,190.0
2000-12-01,CAPITALBK,184.0
2001-03-01,CAPITALBK,195.0
2001-06-01,CAPITALBK,203.0
2001-09-01,CAPITALBK,216.0
2001-12-01,CAPITALBK,225.0
2002-03-01,CAPITALBK,227.0
2002-06-01,CAPITALBK,222.0
2002-09-01,CAPITALBK,216.0
2002-12-01,CAPITALBK,237.0
2003-03-01,CAPITALBK,220.0
2003-06-01,CAPITALBK,231.0
2003-09-01,CAPITALBK,247.0
2003-12-01,CAPITALBK,264.0
2004-03-01,CAPITALBK,268.0
2004-06-01,CAPITALBK,271.0
2004-09-01,CAPITALBK,299.0
2004-12-01,CAPITALBK,280.0
2005-03-01,CAPITALBK,294.0
2005-06-01,CAPITALBK,279.0
2005-09-01,CAPITALBK,290.0
2005-12-01,CAPITALBK,267.0
2006-03-01,CAPITALBK,284.0
2006-06-01,CAPITALBK,277.0
2006-09-01,CAPITALBK,281.0
2006-12-01,CAPITALBK,280.0
2007-03-01,CAPITALBK,295.0
2007-06-01,CAPITALBK,302.0
2007-09-01,CAPITALBK,309.0
2007-12-01,CAPITALBK,312.0
2008-03-01,CAPITALBK,317.0
2008-06-01,CAPITALBK,349.0
2008-09-01,CAPITALBK,314.0
2008-12-01,CAPITALBK,345.0
2009-03-01,CAPITALBK,346.0
2009-06-01,CAPITALBK,368.0
2009-09-01,CAPITALBK,379.0
2009-12-01,CAPITALBK,382.0
2010-03-01,CAPITALBK,362.0
2010-06-01,CAPITALBK,351.0
2010-09-01,CAPITALBK,347.0
2010-12-01,CAPITALBK,359.0
2011-03-01,CAPITALBK,371.0
2011-06-01,CAPITALBK,390.0
2011-09-01,CAPITALBK,446.0
2011-12-01,CAPITALBK,456.0
2012-03-01,CAPITALBK,469.0
2012-06-01,CAPITALBK,474.0
2012-09-01,CAPITALBK,469.0
2012-12-01,CAPITALBK,478.0
2013-03-01,CAPITALBK,463.0
2013-06-01,CAPITALBK,467.0
2013-09-01,CAPITALBK,497.0
2013-12-01,CAPITALBK,496.0
2014-03-01,CAPITALBK,503.0
2014-06-01,CAPITALBK,489.0
2014-09-01,CAPITALBK,531.0
1998-09-01,SOGEBL,44.0
1998-12-01,SOGEBL,46.0
1999-03-01,SOGEBL,49.0
1999-06-01,SOGEBL,49.0
1999-09-01,SOGEBL,48.0
1999-12-01,SOGEBL,50.0
2000-03-01,SOGEBL,56.0
2000-06-01,SOGEBL,55.0
2000-09-01,SOGEBL,55.0
2000-12-01,SOGEBL,56.0
2001-03-01,SOGEBL,58.0
2001-06-01,SOGEBL,61.0
2001-09-01,SOGEBL,58.0
2001-12-01,SOGEBL,59.0
2002-03-01,SOGEBL,60.0
2002-06-01,SOGEBL,59.0
2002-09-01,SOGEBL,60.0
2002-12-01,SOGEBL,58.0
2003-03-01,SOGEBL,60.0
2003-06-01,SOGEBL,61.0
2003-09-01,SOGEBL,57.0
2003-12-01,SOGEBL,61.0
2004-03-01,SOGEBL,61.0
2004-06-01,SOGEBL,59.0
2004-09-01,SOGEBL,62.0
2004-12-01,SOGEBL,55.0
2005-03-01,SOGEBL,54.0
2005-06-01,SOGEBL,55.0
2005-09-01,SOGEBL,53.0
2005-12-01,SOGEBL,57.0
2006-03-01,SOGEBL,55.0
2006-06-01,SOGEBL,52.0
2006-09-01,SOGEBL,57.0
2006-12-01,SOGEBL,57.0
2007-03-01,SOGEBL,58.0
2007-06-01,SOGEBL,60.0
2007-09-01,SOGEBL,59.0
2007-12-01,SOGEBL,60.0
2008-03-01,SOGEBL,63.0
2008-06-01,SOGEBL,61.0
2008-09-01,SOGEBL,62.0
2008-12-01,SOGEBL,63.0
2009-03-01,SOGEBL,59.0
2009-06-01,SOGEBL,61.0
2009-09-01,SOGEBL,60.0
2009-12-01,SOGEBL,62.0
2010-03-01,SOGEBL,56.0
2010-06-01,SOGEBL,53.0
2010-09-01,SOGEBL,51.0
2010-12-01,SOGEBL,49.0
2011-03-01,SOGEBL,52.0
2011-06-01,SOGEBL,51.0
2011-09-01,SOGEBL,50.0
2011-12-01,SOGEBL,49.0
2012-03-01,SOGEBL,55.0
2012-06-01,SOGEBL,52.0
2012-09-01,SOGEBL,57.0
2012-12-01,SOGEBL,57.0
2013-03-01,SOGEBL,57.0
2013-06-01,SOGEBL,57.0
2013-09-01,SOGEBL,59.0
2013-12-01,SOGEBL,65.0
2014-03-01,SOGEBL,66.0
2014-06-01,SOGEBL,67.0
2014-09-01,SOGEBL,67.0
1998-09-01,BHD,0.0
1998-12-01,BHD,0.0
1999-03-01,BHD,0.0
1999-06-01,BHD,0.0
1999-09-01,BHD,0.0
1999-12-01,BHD,22.0
2000-03-01,BHD,23.0
2000-06-01,BHD,18.0
2000-09-01,BHD,22.0
2000-12-01,BHD,30.0
2001-03-01,BHD,29.0
2001-06-01,BHD,33.0
2001-09-01,BHD,28.0
2001-12-01,BHD,31.0
2002-03-01,BHD,0.0
2002-06-01,BHD,0.0
2002-09-01,BHD,0.0
2002-12-01,BHD,0.0
2003-03-01,BHD,0.0
2003-06-01,BHD,0.0
2003-09-01,BHD,0.0
2003-12-01,BHD,0.0
2004-03-01,BHD,0.0
2004-06-01,BHD,0.0
2004-09-01,BHD,0.0
2004-12-01,BHD,0.0
2005-03-01,BHD,0.0
2005-06-01,BHD,0.0
2005-09-01,BHD,0.0
2005-12-01,BHD,0.0
2006-03-01,BHD,0.0
2006-06-01,BHD,0.0
2006-09-01,BHD,0.0
2006-12-01,BHD,0.0
2007-03-01,BHD,0.0
2007-06-01,BHD,0.0
2007-09-01,BHD,0.0
2007-12-01,BHD,0.0
2008-03-01,BHD,0.0
2008-06-01,BHD,0.0
2008-09-01,BHD,0.0
2008-12-01,BHD,0.0
2009-03-01,BHD,0.0
2009-06-01,BHD,0.0
2009-09-01,BHD,0.0
2009-12-01,BHD,0.0
2010-03-01,BHD,0.0
2010-06-01,BHD,0.0
2010-09-01,BHD,0.0
2010-12-01,BHD,0.0
2011-03-01,BHD,0.0
2011-06-01,BHD,0.0
2011-09-01,BHD,0.0
2011-12-01,BHD,0.0
2012-03-01,BHD,0.0
2012-06-01,BHD,0.0
2012-09-01,BHD,0.0
2012-12-01,BHD,0.0
2013-03-01,BHD,0.0
2013-06-01,BHD,0.0
2013-09-01,BHD,0.0
2013-12-01,BHD,0.0
2014-03-01,BHD,0.0
2014-06-01,BHD,0.0
2014-09-01,BHD,0.0
2014-12-01,BHD,0.0
2015-03-01,BHD,0.0
2015-06-01,BHD,0.0
2015-09-01,BHD,0.0
2015-12-01,BHD,0.0
2016-03-01,BHD,0.0
2016-06-01,BHD,0.0
2016-09-01,BHD,0.0
2016-12-01,BHD,0.0
2017-03-01,BHD,0.0
2017-06-01,BHD,0.0
2017-09-01,BHD,0.0
2017-12-01,BHD,0.0
2018-03-01,BHD,0.0
2018-06-01,BHD,0.0
2018-09-01,BHD,0.0
2018-12-01,BHD,0.0
1998-09-01,CBNA,53.0
1998-12-01,CBNA,54.0
1999-03-01,CBNA,56.0
1999-06-01,CBNA,56.0
1999-09-01,CBNA,51.0
1999-12-01,CBNA,59.0
2000-03-01,CBNA,60.0
2000-06-01,CBNA,59.0
2000-09-01,CBNA,60.0
2000-12-01,CBNA,63.0
2001-03-01,CBNA,65.0
2001-06-01,CBNA,65.0
2001-09-01,CBNA,66.0
2001-12-01,CBNA,62.0
2002-03-01,CBNA,58.0
2002-06-01,CBNA,57.0
2002-09-01,CBNA,60.0
2002-12-01,CBNA,57.0
2003-03-01,CBNA,50.0
2003-06-01,CBNA,48.0
2003-09-01,CBNA,48.0
2003-12-01,CBNA,48.0
2004-03-01,CBNA,49.0
2004-06-01,CBNA,45.0
2004-09-01,CBNA,47.0
2004-12-01,CBNA,49.0
2005-03-01,CBNA,46.0
2005-06-01,CBNA,47.0
2005-09-01,CBNA,46.0
2005-12-01,CBNA,44.0
2006-03-01,CBNA,45.0
2006-06-01,CBNA,41.0
2006-09-01,CBNA,47.0
2006-12-01,CBNA,46.0
2007-03-01,CBNA,46.0
2007-06-01,CBNA,44.0
2007-09-01,CBNA,46.0
2007-12-01,CBNA,47.0
2008-03-01,CBNA,44.0
2008-06-01,CBNA,44.0
2008-09-01,CBNA,41.0
2008-12-01,CBNA,41.0
2009-03-01,CBNA,38.0
2009-06-01,CBNA,42.0
2009-09-01,CBNA,44.0
2009-12-01,CBNA,44.0
2010-03-01,CBNA,36.0
2010-06-01,CBNA,36.0
2010-09-01,CBNA,38.0
2010-12-01,CBNA,40.0
2011-03-01,CBNA,39.0
2011-06-01,CBNA,39.0
2011-09-01,CBNA,39.0
2011-12-01,CBNA,39.0
2012-03-01,CBNA,40.0
2012-06-01,CBNA,39.0
2012-09-01,CBNA,38.0
2012-12-01,CBNA,38.0
2013-03-01,CBNA,39.0
2013-06-01,CBNA,37.0
2013-09-01,CBNA,37.0
2013-12-01,CBNA,39.0
2014-03-01,CBNA,39.0
2014-06-01,CBNA,33.0
2014-09-01,CBNA,33.0
1998-09-01,SCOTIA,80.0
1998-12-01,SCOTIA,81.0
1999-03-01,SCOTIA,82.0
1999-06-01,SCOTIA,82.0
1999-09-01,SCOTIA,84.0
1999-12-01,SCOTIA,84.0
2000-03-01,SCOTIA,84.0
2000-06-01,SCOTIA,87.0
2000-09-01,SCOTIA,89.0
2000-12-01,SCOTIA,90.0
2001-03-01,SCOTIA,90.0
2001-06-01,SCOTIA,90.0
2001-09-01,SCOTIA,90.0
2001-12-01,SCOTIA,90.0
2002-03-01,SCOTIA,88.0
2002-06-01,SCOTIA,90.0
2002-09-01,SCOTIA,88.0
2002-12-01,SCOTIA,88.0
2003-03-01,SCOTIA,88.0
2003-06-01,SCOTIA,90.0
2003-09-01,SCOTIA,83.0
2003-12-01,SCOTIA,88.0
2004-03-01,SCOTIA,88.0
2004-06-01,SCOTIA,83.0
2004-09-01,SCOTIA,80.0
2004-12-01,SCOTIA,84.0
2005-03-01,SCOTIA,91.0
2005-06-01,SCOTIA,97.0
2005-09-01,SCOTIA,97.0
2005-12-01,SCOTIA,97.0
2006-03-01,SCOTIA,97.0
2006-06-01,SCOTIA,90.0
2006-09-01,SCOTIA,97.0
2006-12-01,SCOTIA,97.0
2007-03-01,SCOTIA,97.0
2007-06-01,SCOTIA,97.0
2007-09-01,SCOTIA,97.0
2007-12-01,SCOTIA,90.0
2008-03-01,SCOTIA,90.0
2008-06-01,SCOTIA,91.0
2008-09-01,SCOTIA,91.0
2008-12-01,SCOTIA,91.0
2009-03-01,SCOTIA,88.0
2009-06-01,SCOTIA,88.0
2009-09-01,SCOTIA,88.0
2009-12-01,SCOTIA,97.0
2010-03-01,SCOTIA,90.0
2010-06-01,SCOTIA,84.0
2010-09-01,SCOTIA,84.0
2010-12-01,SCOTIA,84.0
2011-03-01,SCOTIA,85.0
2011-06-01,SCOTIA,82.0
2011-09-01,SCOTIA,82.0
2011-12-01,SCOTIA,82.0
2012-03-01,SCOTIA,82.0
2012-06-01,SCOTIA,82.0
2012-09-01,SCOTIA,88.0
2012-12-01,SCOTIA,92.0
2013-03-01,SCOTIA,92.0
2013-06-01,SCOTIA,91.0
2013-09-01,SCOTIA,90.0
2013-12-01,SCOTIA,91.0
2014-03-01,SCOTIA,90.0
2014-06-01,SCOTIA,90.0
2014-09-01,SCOTIA,90.0
1998-09-01,TOTAL,2411.0
1998-12-01,TOTAL,2591.0
1999-03-01,TOTAL,2670.0
1999-06-01,TOTAL,2654.0
1999-09-01,TOTAL,2659.0
1999-12-01,TOTAL,2712.0
2000-03-01,TOTAL,2799.0
2000-06-01,TOTAL,2880.0
2000-09-01,TOTAL,2989.0
2000-12-01,TOTAL,2991.0
2001-03-01,TOTAL,3179.0
2001-06-01,TOTAL,3077.0
2001-09-01,TOTAL,3351.0
2001-12-01,TOTAL,3351.0
2002-03-01,TOTAL,3434.0
2002-06-01,TOTAL,3324.0
2002-09-01,TOTAL,3265.0
2002-12-01,TOTAL,3185.0
2003-03-01,TOTAL,3200.0
2003-06-01,TOTAL,3250.0
2003-09-01,TOTAL,3305.0
2003-12-01,TOTAL,3417.0
2004-03-01,TOTAL,3447.0
2004-06-01,TOTAL,3418.0
2004-09-01,TOTAL,3532.0
2004-12-01,TOTAL,3549.0
2005-03-01,TOTAL,3601.0
2005-06-01,TOTAL,3616.0
2005-09-01,TOTAL,3936.0
2005-12-01,TOTAL,3834.0
2006-03-01,TOTAL,3829.0
2006-06-01,TOTAL,3812.0
2006-09-01,TOTAL,3749.0
2006-12-01,TOTAL,3818.0
2007-03-01,TOTAL,3831.0
2007-06-01,TOTAL,3809.0
2007-09-01,TOTAL,4063.0
2007-12-01,TOTAL,3909.0
2008-03-01,TOTAL,3876.0
2008-06-01,TOTAL,3888.0
2008-09-01,TOTAL,3909.0
2008-12-01,TOTAL,3934.0
2009-03-01,TOTAL,3901.0
2009-06-01,TOTAL,3936.0
2009-09-01,TOTAL,3919.0
2009-12-01,TOTAL,3942.0
2010-03-01,TOTAL,3555.0
2010-06-01,TOTAL,3458.0
2010-09-01,TOTAL,3395.0
2010-12-01,TOTAL,3393.0
2011-03-01,TOTAL,3428.0
2011-06-01,TOTAL,4087.0
2011-09-01,TOTAL,3572.0
2011-12-01,TOTAL,3649.0
2012-03-01,TOTAL,3728.0
2012-06-01,TOTAL,3796.0
2012-09-01,TOTAL,3832.0
2012-12-01,TOTAL,3906.0
2013-03-01,TOTAL,3872.0
2013-06-01,TOTAL,3926.0
2013-09-01,TOTAL,3988.0
2013-12-01,TOTAL,4012.0
2014-03-01,TOTAL,4156.0
2014-06-01,TOTAL,4178.0
2014-09-01,TOTAL,4279.0
1998-09-01,BIDC,163.0
1998-12-01,BIDC,164.0
1999-03-01,BIDC,158.0
1999-06-01,BIDC,
1999-09-01,BIDC,
1999-12-01,BIDC,
2000-03-01,BIDC,
2000-06-01,BIDC,
2000-09-01,BIDC,
2000-12-01,BIDC,
2001-03-01,BIDC,
2001-06-01,BIDC,
2001-09-01,BIDC,
2001-12-01,BIDC,
2002-03-01,BIDC,
2002-06-01,BIDC,
2002-09-01,BIDC,
2002-12-01,BIDC,
2003-03-01,BIDC,
2003-06-01,BIDC,
2003-09-01,BIDC,
2003-12-01,BIDC,
2004-03-01,BIDC,
2004-06-01,BIDC,
2004-09-01,BIDC,
2004-12-01,BIDC,
2005-03-01,BIDC,
2005-06-01,BIDC,
2005-09-01,BIDC,
2005-12-01,BIDC,
2006-03-01,BIDC,
2006-06-01,BIDC,
2006-09-01,BIDC,
2006-12-01,BIDC,
2007-03-01,BIDC,
2007-06-01,BIDC,
2007-09-01,BIDC,
2007-12-01,BIDC,
2008-03-01,BIDC,
2008-06-01,BIDC,
2008-09-01,BIDC,
2008-12-01,BIDC,
2009-03-01,BIDC,
2009-06-01,BIDC,
2009-09-01,BIDC,
2009-12-01,BIDC,
1998-09-01, ,
1998-12-01, ,
1999-03-01, ,
1999-06-01, ,
1999-09-01, ,
1999-12-01, ,
2000-03-01, ,
2000-06-01, ,
2000-09-01, ,
2000-12-01, ,
2001-03-01, ,
2001-06-01, ,
2001-09-01, ,
2001-12-01, ,
2002-03-01, ,
2002-06-01, ,
2002-09-01, ,
2002-12-01, ,
2003-03-01, ,
2003-06-01, ,
2003-09-01, ,
2003-12-01, ,
2004-03-01, ,
2004-06-01, ,
2004-09-01, ,
2004-12-01, ,
2005-03-01, ,
2005-06-01, ,
2005-09-01, ,
2005-12-01, ,
2006-03-01, ,
2006-06-01, ,
2006-09-01, ,
2006-12-01, ,
2007-03-01, ,
2007-06-01, ,
2007-09-01, ,
2007-12-01, ,
2008-03-01, ,
2008-06-01, ,
2008-09-01, ,
2008-12-01, ,
2009-03-01, ,
2009-06-01, ,
2009-09-01, ,
2009-12-01, ,
1998-09-01,BMH,
1998-12-01,BMH,
1999-03-01,BMH,
1999-06-01,BMH,
1999-09-01,BMH,
1999-12-01,BMH,
2000-03-01,BMH,
2000-06-01,BMH,
2000-09-01,BMH,
2000-12-01,BMH,
2001-03-01,BMH,
2001-06-01,BMH,
2001-09-01,BMH,
2001-12-01,BMH,
2002-03-01,BMH,
2002-06-01,BMH,
2002-09-01,BMH,
2002-12-01,BMH,
2003-03-01,BMH,
2003-06-01,BMH,
2003-09-01,BMH,
2003-12-01,BMH,
2004-03-01,BMH,
2004-06-01,BMH,
2004-09-01,BMH,
2004-12-01,BMH,
2005-03-01,BMH,
2005-06-01,BMH,
2005-09-01,BMH,
2005-12-01,BMH,
2006-03-01,BMH,
2006-06-01,BMH,
2006-09-01,BMH,
2006-12-01,BMH,
2007-03-01,BMH,
2007-06-01,BMH,
2007-09-01,BMH,
2007-12-01,BMH,
2008-03-01,BMH,
2008-06-01,BMH,
2008-09-01,BMH,
2008-12-01,BMH,
2009-03-01,BMH,
2009-06-01,BMH,
2009-09-01,BMH,
2009-12-01,BMH,
1998-09-01,PROMOBK *,165.0
1998-12-01,PROMOBK *,163.0
1999-03-01,PROMOBK *,161.0
1999-06-01,PROMOBK *,160.0
1999-09-01,PROMOBK *,164.0
1999-12-01,PROMOBK *,164.0
2000-03-01,PROMOBK *,164.0
2000-06-01,PROMOBK *,165.0
2000-09-01,PROMOBK *,168.0
2000-12-01,PROMOBK *,174.0
2001-03-01,PROMOBK *,181.0
2001-06-01,PROMOBK *,182.0
2001-09-01,PROMOBK *,186.0
2001-12-01,PROMOBK *,195.0
2002-03-01,PROMOBK *,168.0
2002-06-01,PROMOBK *,165.0
2002-09-01,PROMOBK *,170.0
2002-12-01,PROMOBK *,176.0
2003-03-01,PROMOBK *,172.0
2003-06-01,PROMOBK *,175.0
2003-09-01,PROMOBK *,181.0
2003-12-01,PROMOBK *,182.0
2004-03-01,PROMOBK *,198.0
2004-06-01,PROMOBK *,201.0
2004-09-01,PROMOBK *,198.0
2004-12-01,PROMOBK *,200.0
2005-03-01,PROMOBK *,202.0
2005-06-01,PROMOBK *,198.0
2005-09-01,PROMOBK *,190.0
2005-12-01,PROMOBK *,185.0
2006-03-01,PROMOBK *,180.0
2006-06-01,PROMOBK *,177.0
2006-09-01,PROMOBK *,
2006-12-01,PROMOBK *,
2007-03-01,PROMOBK *,
2007-06-01,PROMOBK *,
2007-09-01,PROMOBK *,
2007-12-01,PROMOBK *,
2008-03-01,PROMOBK *,
2008-06-01,PROMOBK *,
2008-09-01,PROMOBK *,
2008-12-01,PROMOBK *,
2009-03-01,PROMOBK *,
2009-06-01,PROMOBK *,
2009-09-01,PROMOBK *,
2009-12-01,PROMOBK *,
2010-03-01,BIDC,
2010-03-01, ,
2010-03-01,BMH,
2010-03-01,PROMOBK *,
2010-06-01,BIDC,
2010-06-01, ,
2010-06-01,BMH,
2010-06-01,PROMOBK *,
2010-09-01,BIDC,
2010-09-01, ,
2010-09-01,BMH,
2010-09-01,PROMOBK *,
1998-09-01,PROMOBK,165.0
1998-12-01,PROMOBK,163.0
1999-03-01,PROMOBK,161.0
1999-06-01,PROMOBK,160.0
1999-09-01,PROMOBK,164.0
1999-12-01,PROMOBK,164.0
2000-03-01,PROMOBK,164.0
2000-06-01,PROMOBK,165.0
2000-09-01,PROMOBK,168.0
2000-12-01,PROMOBK,174.0
2001-03-01,PROMOBK,181.0
2001-06-01,PROMOBK,182.0
2001-09-01,PROMOBK,186.0
2001-12-01,PROMOBK,195.0
2002-03-01,PROMOBK,168.0
2002-06-01,PROMOBK,165.0
2002-09-01,PROMOBK,170.0
2002-12-01,PROMOBK,176.0
2003-03-01,PROMOBK,172.0
2003-06-01,PROMOBK,175.0
2003-09-01,PROMOBK,181.0
2003-12-01,PROMOBK,182.0
2004-03-01,PROMOBK,198.0
2004-06-01,PROMOBK,201.0
2004-09-01,PROMOBK,198.0
2004-12-01,PROMOBK,200.0
2005-03-01,PROMOBK,202.0
2005-06-01,PROMOBK,198.0
2005-09-01,PROMOBK,190.0
2005-12-01,PROMOBK,185.0
2006-03-01,PROMOBK,180.0
2006-06-01,PROMOBK,177.0
1994-09-01,BICH,10.0
1994-12-01,BICH,10.0
1995-03-01,BICH,9.0
1995-06-01,BICH,9.0
1995-09-01,BICH,10.0
1995-12-01,BICH,10.0
1996-03-01,BICH,10.0
1996-06-01,BICH,10.0
1996-09-01,BICH,10.0
1996-12-01,BICH,9.0
1997-03-01,BICH,10.0
1997-06-01,BICH,10.0
1997-09-01,BICH,10.0
1997-12-01,BICH,11.0
1998-03-01,BICH,11.0
1994-09-01,BIDC,71.0
1994-12-01,BIDC,71.0
1995-03-01,BIDC,70.0
1995-06-01,BIDC,155.0
1995-09-01,BIDC,163.0
1995-12-01,BIDC,164.0
1996-03-01,BIDC,158.0
1996-06-01,BIDC,
1996-09-01,BIDC,
1996-12-01,BIDC,
1997-03-01,BIDC,
1997-06-01,BIDC,
1997-09-01,BIDC,
1997-12-01,BIDC,
1998-03-01,BIDC,
1994-09-01, ,
1994-12-01, ,
1995-03-01, ,
1995-06-01, ,
1995-09-01, ,
1995-12-01, ,
1996-03-01, ,
1996-06-01, ,
1996-09-01, ,
1996-12-01, ,
1997-03-01, ,
1997-06-01, ,
1997-09-01, ,
1997-12-01, ,
1998-03-01, ,
1994-09-01,BMH,
1994-12-01,BMH,
1995-03-01,BMH,
1995-06-01,BMH,
1995-09-01,BMH,
1995-12-01,BMH,
1996-03-01,BMH,
1996-06-01,BMH,
1996-09-01,BMH,
1996-12-01,BMH,
1997-03-01,BMH,
1997-06-01,BMH,
1997-09-01,BMH,
1997-12-01,BMH,
1998-03-01,BMH,
1994-09-01,BNC,513.0
1994-12-01,BNC,492.0
1995-03-01,BNC,501.0
1995-06-01,BNC,474.0
1995-09-01,BNC,543.0
1995-12-01,BNC,452.0
1996-03-01,BNC,454.0
1996-06-01,BNC,452.0
1996-09-01,BNC,316.0
1996-12-01,BNC,233.0
1997-03-01,BNC,233.0
1997-06-01,BNC,195.0
1997-09-01,BNC,213.0
1997-12-01,BNC,213.0
1998-03-01,BNC,238.0
1994-09-01,BPH,63.0
1994-12-01,BPH,79.0
1995-03-01,BPH,89.0
1995-06-01,BPH,99.0
1995-09-01,BPH,102.0
1995-12-01,BPH,111.0
1996-03-01,BPH,105.0
1996-06-01,BPH,106.0
1996-09-01,BPH,107.0
1996-12-01,BPH,111.0
1997-03-01,BPH,110.0
1997-06-01,BPH,105.0
1997-09-01,BPH,103.0
1997-12-01,BPH,102.0
1998-03-01,BPH,100.0
1994-09-01,BUH,182.0
1994-12-01,BUH,222.0
1995-03-01,BUH,310.0
1995-06-01,BUH,299.0
1995-09-01,BUH,335.0
1995-12-01,BUH,364.0
1996-03-01,BUH,371.0
1996-06-01,BUH,376.0
1996-09-01,BUH,383.0
1996-12-01,BUH,385.0
1997-03-01,BUH,389.0
1997-06-01,BUH,377.0
1997-09-01,BUH,310.0
1997-12-01,BUH,306.0
1998-03-01,BUH,281.0
1994-09-01,PROMOBK,67.0
1994-12-01,PROMOBK,118.0
1995-03-01,PROMOBK,140.0
1995-06-01,PROMOBK,172.0
1995-09-01,PROMOBK,165.0
1995-12-01,PROMOBK,163.0
1996-03-01,PROMOBK,161.0
1996-06-01,PROMOBK,160.0
1996-09-01,PROMOBK,164.0
1996-12-01,PROMOBK,164.0
1997-03-01,PROMOBK,164.0
1997-06-01,PROMOBK,165.0
1997-09-01,PROMOBK,168.0
1997-12-01,PROMOBK,174.0
1998-03-01,PROMOBK,181.0
1994-09-01,SOCABK,0.0
1994-12-01,SOCABK,55.0
1995-03-01,SOCABK,86.0
1995-06-01,SOCABK,107.0
1995-09-01,SOCABK,144.0
1995-12-01,SOCABK,150.0
1996-03-01,SOCABK,152.0
1996-06-01,SOCABK,164.0
1996-09-01,SOCABK,177.0
1996-12-01,SOCABK,188.0
1997-03-01,SOCABK,206.0
1997-06-01,SOCABK,218.0
1997-09-01,SOCABK,230.0
1997-12-01,SOCABK,236.0
1998-03-01,SOCABK,262.0
1994-09-01,SOGEBK,278.0
1994-12-01,SOGEBK,280.0
1995-03-01,SOGEBK,324.0
1995-06-01,SOGEBK,392.0
1995-09-01,SOGEBK,515.0
1995-12-01,SOGEBK,514.0
1996-03-01,SOGEBK,543.0
1996-06-01,SOGEBK,694.0
1996-09-01,SOGEBK,750.0
1996-12-01,SOGEBK,806.0
1997-03-01,SOGEBK,826.0
1997-06-01,SOGEBK,890.0
1997-09-01,SOGEBK,969.0
1997-12-01,SOGEBK,986.0
1998-03-01,SOGEBK,1130.0
1994-09-01,UNIBK,64.0
1994-12-01,UNIBK,147.0
1995-03-01,UNIBK,224.0
1995-06-01,UNIBK,283.0
1995-09-01,UNIBK,326.0
1995-12-01,UNIBK,368.0
1996-03-01,UNIBK,392.0
1996-06-01,UNIBK,381.0
1996-09-01,UNIBK,412.0
1996-12-01,UNIBK,455.0
1997-03-01,UNIBK,492.0
1997-06-01,UNIBK,547.0
1997-09-01,UNIBK,570.0
1997-12-01,UNIBK,596.0
1998-03-01,UNIBK,597.0
1994-09-01,CAPITALBK,37.0
1994-12-01,CAPITALBK,40.0
1995-03-01,CAPITALBK,51.0
1995-06-01,CAPITALBK,84.0
1995-09-01,CAPITALBK,94.0
1995-12-01,CAPITALBK,97.0
1996-03-01,CAPITALBK,120.0
1996-06-01,CAPITALBK,124.0
1996-09-01,CAPITALBK,157.0
1996-12-01,CAPITALBK,146.0
1997-03-01,CAPITALBK,146.0
1997-06-01,CAPITALBK,154.0
1997-09-01,CAPITALBK,190.0
1997-12-01,CAPITALBK,184.0
1998-03-01,CAPITALBK,195.0
1994-09-01,SOGEBL,30.0
1994-12-01,SOGEBL,35.0
1995-03-01,SOGEBL,36.0
1995-06-01,SOGEBL,43.0
1995-09-01,SOGEBL,44.0
1995-12-01,SOGEBL,46.0
1996-03-01,SOGEBL,49.0
1996-06-01,SOGEBL,49.0
1996-09-01,SOGEBL,48.0
1996-12-01,SOGEBL,50.0
1997-03-01,SOGEBL,56.0
1997-06-01,SOGEBL,55.0
1997-09-01,SOGEBL,55.0
1997-12-01,SOGEBL,56.0
1998-03-01,SOGEBL,58.0
1994-09-01,BHD,0.0
1994-12-01,BHD,0.0
1995-03-01,BHD,0.0
1995-06-01,BHD,0.0
1995-09-01,BHD,0.0
1995-12-01,BHD,0.0
1996-03-01,BHD,0.0
1996-06-01,BHD,0.0
1996-09-01,BHD,0.0
1996-12-01,BHD,22.0
1997-03-01,BHD,23.0
1997-06-01,BHD,18.0
1997-09-01,BHD,22.0
1997-12-01,BHD,30.0
1998-03-01,BHD,29.0
1994-09-01,CBNA,30.0
1994-12-01,CBNA,35.0
1995-03-01,CBNA,43.0
1995-06-01,CBNA,43.0
1995-09-01,CBNA,53.0
1995-12-01,CBNA,54.0
1996-03-01,CBNA,56.0
1996-06-01,CBNA,56.0
1996-09-01,CBNA,51.0
1996-12-01,CBNA,59.0
1997-03-01,CBNA,60.0
1997-06-01,CBNA,59.0
1997-09-01,CBNA,60.0
1997-12-01,CBNA,63.0
1998-03-01,CBNA,65.0
1994-09-01,SCOTIA,79.0
1994-12-01,SCOTIA,79.0
1995-03-01,SCOTIA,80.0
1995-06-01,SCOTIA,74.0
1995-09-01,SCOTIA,80.0
1995-12-01,SCOTIA,81.0
1996-03-01,SCOTIA,82.0
1996-06-01,SCOTIA,82.0
1996-09-01,SCOTIA,84.0
1996-12-01,SCOTIA,84.0
1997-03-01,SCOTIA,84.0
1997-06-01,SCOTIA,87.0
1997-09-01,SCOTIA,89.0
1997-12-01,SCOTIA,90.0
1998-03-01,SCOTIA,90.0
1994-09-01,TOTAL,1424.0
1994-12-01,TOTAL,1663.0
1995-03-01,TOTAL,2032.0
1995-06-01,TOTAL,2234.0
1995-09-01,TOTAL,2591.0
1995-12-01,TOTAL,2591.0
1996-03-01,TOTAL,2670.0
1996-06-01,TOTAL,2654.0
1996-09-01,TOTAL,2659.0
1996-12-01,TOTAL,2712.0
1997-03-01,TOTAL,2799.0
1997-06-01,TOTAL,2880.0
1997-09-01,TOTAL,2989.0
1997-12-01,TOTAL,2991.0
1998-03-01,TOTAL,3179.0
1998-06-01,BICH,10.0
1998-06-01,BIDC,
1998-06-01, ,
1998-06-01,BMH,
1998-06-01,BNC,214.0
1998-06-01,BPH,98.0
1998-06-01,BUH,287.0
1998-06-01,PROMOBK,182.0
1998-06-01,SOCABK,277.0
1998-06-01,SOGEBK,997.0
1998-06-01,UNIBK,621.0
1998-06-01,CAPITALBK,203.0
1998-06-01,SOGEBL,61.0
1998-06-01,BHD,33.0
1998-06-01,CBNA,65.0
1998-06-01,SCOTIA,90.0
1998-06-01,TOTAL,3077.0
1998-09-01 00:00:00,BICH,10
1998-12-01 00:00:00,BICH,10
1999-03-01 00:00:00,BICH,10
1999-06-01 00:00:00,BICH,10
1999-09-01 00:00:00,BICH,10
1999-12-01 00:00:00,BICH,9
2000-03-01 00:00:00,BICH,10
2000-06-01 00:00:00,BICH,10
2000-09-01 00:00:00,BICH,10
2000-12-01 00:00:00,BICH,11
2001-03-01 00:00:00,BICH,11
2001-06-01 00:00:00,BICH,10
2001-09-01 00:00:00,BICH,10
2001-12-01 00:00:00,BICH,10
2002-03-01 00:00:00,BICH,10
2002-06-01 00:00:00,BICH,10
2002-09-01 00:00:00,BICH,10
2002-12-01 00:00:00,BICH,9
2003-03-01 00:00:00,BICH,10
2003-06-01 00:00:00,BICH,9
2003-09-01 00:00:00,BICH,10
2003-12-01 00:00:00,BICH,10
2004-03-01 00:00:00,BICH,8
2004-06-01 00:00:00,BICH,9
2004-09-01 00:00:00,BICH,9
2004-12-01 00:00:00,BICH,10
2005-03-01 00:00:00,BICH,10
2005-06-01 00:00:00,BICH,9
2005-09-01 00:00:00,BICH,9
2005-12-01 00:00:00,BICH,9
2006-03-01 00:00:00,BICH,9
2006-06-01 00:00:00,BICH,0
2006-09-01 00:00:00,BICH,0
2006-12-01 00:00:00,BICH,0
2007-03-01 00:00:00,BICH,0
2007-06-01 00:00:00,BICH,0
2007-09-01 00:00:00,BICH,0
2007-12-01 00:00:00,BICH,0
2008-03-01 00:00:00,BICH,0
2008-06-01 00:00:00,BICH,0
2008-09-01 00:00:00,BICH,0
2008-12-01 00:00:00,BICH,0
2009-03-01 00:00:00,BICH,0
2009-06-01 00:00:00,BICH,0
2009-09-01 00:00:00,BICH,0
2009-12-01 00:00:00,BICH,0
2010-03-01 00:00:00,BICH,0
2010-06-01 00:00:00,BICH,0
2010-09-01 00:00:00,BICH,0
2010-12-01 00:00:00,BICH,0
2011-03-01 00:00:00,BICH,0
2011-06-01 00:00:00,BICH,0
2011-09-01 00:00:00,BICH,0
2011-12-01 00:00:00,BICH,0
2012-03-01 00:00:00,BICH,0
2012-06-01 00:00:00,BICH,0
2012-09-01 00:00:00,BICH,0
2012-12-01 00:00:00,BICH,0
2013-03-01 00:00:00,BICH,0
2013-06-01 00:00:00,BICH,0
2013-09-01 00:00:00,BICH,0
2013-12-01 00:00:00,BICH,0
2014-03-01 00:00:00,BICH,0
2014-06-01 00:00:00,BICH,0
2014-09-01 00:00:00,BICH,0
2014-12-01 00:00:00,BICH,0
2015-03-01 00:00:00,BICH,0
2015-06-01 00:00:00,BICH,0
2015-09-01 00:00:00,BICH,0
2015-12-01 00:00:00,BICH,0
1998-09-01 00:00:00,BNC,543
1998-12-01 00:00:00,BNC,452
1999-03-01 00:00:00,BNC,454
1999-06-01 00:00:00,BNC,452
1999-09-01 00:00:00,BNC,316
1999-12-01 00:00:00,BNC,233
2000-03-01 00:00:00,BNC,233
2000-06-01 00:00:00,BNC,195
2000-09-01 00:00:00,BNC,213
2000-12-01 00:00:00,BNC,213
2001-03-01 00:00:00,BNC,238
2001-06-01 00:00:00,BNC,214
2001-09-01 00:00:00,BNC,208
2001-12-01 00:00:00,BNC,194
2002-03-01 00:00:00,BNC,215
2002-06-01 00:00:00,BNC,231
2002-09-01 00:00:00,BNC,237
2002-12-01 00:00:00,BNC,243
2003-03-01 00:00:00,BNC,261
2003-06-01 00:00:00,BNC,260
2003-09-01 00:00:00,BNC,269
2003-12-01 00:00:00,BNC,270
2004-03-01 00:00:00,BNC,287
2004-06-01 00:00:00,BNC,293
2004-09-01 00:00:00,BNC,293
2004-12-01 00:00:00,BNC,308
2005-03-01 00:00:00,BNC,308
2005-06-01 00:00:00,BNC,350
2005-09-01 00:00:00,BNC,350
2005-12-01 00:00:00,BNC,305
2006-03-01 00:00:00,BNC,306
2006-06-01 00:00:00,BNC,329
2006-09-01 00:00:00,BNC,314
2006-12-01 00:00:00,BNC,323
2007-03-01 00:00:00,BNC,737
2007-06-01 00:00:00,BNC,677
2007-09-01 00:00:00,BNC,884
2007-12-01 00:00:00,BNC,526
2008-03-01 00:00:00,BNC,526
2008-06-01 00:00:00,BNC,494
2008-09-01 00:00:00,BNC,545
2008-12-01 00:00:00,BNC,525
2009-03-01 00:00:00,BNC,518
2009-06-01 00:00:00,BNC,570
2009-09-01 00:00:00,BNC,560
2009-12-01 00:00:00,BNC,560
2010-03-01 00:00:00,BNC,511
2010-06-01 00:00:00,BNC,503
2010-09-01 00:00:00,BNC,496
2010-12-01 00:00:00,BNC,489
2011-03-01 00:00:00,BNC,480
2011-06-01 00:00:00,BNC,493
2011-09-01 00:00:00,BNC,490
2011-12-01 00:00:00,BNC,547
2012-03-01 00:00:00,BNC,543
2012-06-01 00:00:00,BNC,535
2012-09-01 00:00:00,BNC,531
2012-12-01 00:00:00,BNC,583
2013-03-01 00:00:00,BNC,568
2013-06-01 00:00:00,BNC,575
2013-09-01 00:00:00,BNC,574
2013-12-01 00:00:00,BNC,575
2014-03-01 00:00:00,BNC,635
2014-06-01 00:00:00,BNC,626
2014-09-01 00:00:00,BNC,655
2014-12-01 00:00:00,BNC,647
2015-03-01 00:00:00,BNC,638
2015-06-01 00:00:00,BNC,636
2015-09-01 00:00:00,BNC,623
2015-12-01 00:00:00,BNC,704
1998-09-01 00:00:00,BPH,102
1998-12-01 00:00:00,BPH,111
1999-03-01 00:00:00,BPH,105
1999-06-01 00:00:00,BPH,106
1999-09-01 00:00:00,BPH,107
1999-12-01 00:00:00,BPH,111
2000-03-01 00:00:00,BPH,110
2000-06-01 00:00:00,BPH,105
2000-09-01 00:00:00,BPH,103
2000-12-01 00:00:00,BPH,102
2001-03-01 00:00:00,BPH,100
2001-06-01 00:00:00,BPH,98
2001-09-01 00:00:00,BPH,96
2001-12-01 00:00:00,BPH,99
2002-03-01 00:00:00,BPH,99
2002-06-01 00:00:00,BPH,104
2002-09-01 00:00:00,BPH,109
2002-12-01 00:00:00,BPH,112
2003-03-01 00:00:00,BPH,119
2003-06-01 00:00:00,BPH,116
2003-09-01 00:00:00,BPH,131
2003-12-01 00:00:00,BPH,120
2004-03-01 00:00:00,BPH,118
2004-06-01 00:00:00,BPH,119
2004-09-01 00:00:00,BPH,118
2004-12-01 00:00:00,BPH,119
2005-03-01 00:00:00,BPH,118
2005-06-01 00:00:00,BPH,117
2005-09-01 00:00:00,BPH,117
2005-12-01 00:00:00,BPH,127
2006-03-01 00:00:00,BPH,124
2006-06-01 00:00:00,BPH,125
2006-09-01 00:00:00,BPH,126
2006-12-01 00:00:00,BPH,128
2007-03-01 00:00:00,BPH,132
2007-06-01 00:00:00,BPH,128
2007-09-01 00:00:00,BPH,126
2007-12-01 00:00:00,BPH,133
2008-03-01 00:00:00,BPH,135
2008-06-01 00:00:00,BPH,131
2008-09-01 00:00:00,BPH,138
2008-12-01 00:00:00,BPH,139
2009-03-01 00:00:00,BPH,138
2009-06-01 00:00:00,BPH,137
2009-09-01 00:00:00,BPH,135
2009-12-01 00:00:00,BPH,137
2010-03-01 00:00:00,BPH,129
2010-06-01 00:00:00,BPH,129
2010-09-01 00:00:00,BPH,123
2010-12-01 00:00:00,BPH,117
2011-03-01 00:00:00,BPH,112
2011-06-01 00:00:00,BPH,119
2011-09-01 00:00:00,BPH,128
2011-12-01 00:00:00,BPH,124
2012-03-01 00:00:00,BPH,127
2012-06-01 00:00:00,BPH,133
2012-09-01 00:00:00,BPH,144
2012-12-01 00:00:00,BPH,144
2013-03-01 00:00:00,BPH,141
2013-06-01 00:00:00,BPH,138
2013-09-01 00:00:00,BPH,141
2013-12-01 00:00:00,BPH,143
2014-03-01 00:00:00,BPH,143
2014-06-01 00:00:00,BPH,152
2014-09-01 00:00:00,BPH,155
2014-12-01 00:00:00,BPH,155
2015-03-01 00:00:00,BPH,156
2015-06-01 00:00:00,BPH,159
2015-09-01 00:00:00,BPH,159
2015-12-01 00:00:00,BPH,161
1998-09-01 00:00:00,BUH,335
1998-12-01 00:00:00,BUH,364
1999-03-01 00:00:00,BUH,371
1999-06-01 00:00:00,BUH,376
1999-09-01 00:00:00,BUH,383
1999-12-01 00:00:00,BUH,385
2000-03-01 00:00:00,BUH,389
2000-06-01 00:00:00,BUH,377
2000-09-01 00:00:00,BUH,310
2000-12-01 00:00:00,BUH,306
2001-03-01 00:00:00,BUH,281
2001-06-01 00:00:00,BUH,287
2001-09-01 00:00:00,BUH,257
2001-12-01 00:00:00,BUH,263
2002-03-01 00:00:00,BUH,249
2002-06-01 00:00:00,BUH,244
2002-09-01 00:00:00,BUH,249
2002-12-01 00:00:00,BUH,358
2003-03-01 00:00:00,BUH,343
2003-06-01 00:00:00,BUH,345
2003-09-01 00:00:00,BUH,362
2003-12-01 00:00:00,BUH,365
2004-03-01 00:00:00,BUH,371
2004-06-01 00:00:00,BUH,379
2004-09-01 00:00:00,BUH,376
2004-12-01 00:00:00,BUH,390
2005-03-01 00:00:00,BUH,384
2005-06-01 00:00:00,BUH,391
2005-09-01 00:00:00,BUH,456
2005-12-01 00:00:00,BUH,477
2006-03-01 00:00:00,BUH,486
2006-06-01 00:00:00,BUH,476
2006-09-01 00:00:00,BUH,348
2006-12-01 00:00:00,BUH,328
2007-03-01 00:00:00,BUH,354
2007-06-01 00:00:00,BUH,360
2007-09-01 00:00:00,BUH,380
2007-12-01 00:00:00,BUH,513
2008-03-01 00:00:00,BUH,365
2008-06-01 00:00:00,BUH,356
2008-09-01 00:00:00,BUH,353
2008-12-01 00:00:00,BUH,307
2009-03-01 00:00:00,BUH,295
2009-06-01 00:00:00,BUH,289
2009-09-01 00:00:00,BUH,270
2009-12-01 00:00:00,BUH,272
2010-03-01 00:00:00,BUH,256
2010-06-01 00:00:00,BUH,247
2010-09-01 00:00:00,BUH,249
2010-12-01 00:00:00,BUH,252
2011-03-01 00:00:00,BUH,246
2011-06-01 00:00:00,BUH,244
2011-09-01 00:00:00,BUH,238
2011-12-01 00:00:00,BUH,213
2012-03-01 00:00:00,BUH,211
2012-06-01 00:00:00,BUH,213
2012-09-01 00:00:00,BUH,213
2012-12-01 00:00:00,BUH,211
2013-03-01 00:00:00,BUH,217
2013-06-01 00:00:00,BUH,213
2013-09-01 00:00:00,BUH,208
2013-12-01 00:00:00,BUH,206
2014-03-01 00:00:00,BUH,195
2014-06-01 00:00:00,BUH,192
2014-09-01 00:00:00,BUH,191
2014-12-01 00:00:00,BUH,192
2015-03-01 00:00:00,BUH,191
2015-06-01 00:00:00,BUH,194
2015-09-01 00:00:00,BUH,208
2015-12-01 00:00:00,BUH,228
1998-09-01 00:00:00,PROMOBK ,165
1998-12-01 00:00:00,PROMOBK ,163
1999-03-01 00:00:00,PROMOBK ,161
1999-06-01 00:00:00,PROMOBK ,160
1999-09-01 00:00:00,PROMOBK ,164
1999-12-01 00:00:00,PROMOBK ,164
2000-03-01 00:00:00,PROMOBK ,164
2000-06-01 00:00:00,PROMOBK ,165
2000-09-01 00:00:00,PROMOBK ,168
2000-12-01 00:00:00,PROMOBK ,174
2001-03-01 00:00:00,PROMOBK ,181
2001-06-01 00:00:00,PROMOBK ,182
2001-09-01 00:00:00,PROMOBK ,186
2001-12-01 00:00:00,PROMOBK ,195
2002-03-01 00:00:00,PROMOBK ,168
2002-06-01 00:00:00,PROMOBK ,165
2002-09-01 00:00:00,PROMOBK ,170
2002-12-01 00:00:00,PROMOBK ,176
2003-03-01 00:00:00,PROMOBK ,172
2003-06-01 00:00:00,PROMOBK ,175
2003-09-01 00:00:00,PROMOBK ,181
2003-12-01 00:00:00,PROMOBK ,182
2004-03-01 00:00:00,PROMOBK ,198
2004-06-01 00:00:00,PROMOBK ,201
2004-09-01 00:00:00,PROMOBK ,198
2004-12-01 00:00:00,PROMOBK ,200
2005-03-01 00:00:00,PROMOBK ,202
2005-06-01 00:00:00,PROMOBK ,198
2005-09-01 00:00:00,PROMOBK ,190
2005-12-01 00:00:00,PROMOBK ,185
2006-03-01 00:00:00,PROMOBK ,180
2006-06-01 00:00:00,PROMOBK ,177
2006-09-01 00:00:00,PROMOBK ,
2006-12-01 00:00:00,PROMOBK ,
2007-03-01 00:00:00,PROMOBK ,
2007-06-01 00:00:00,PROMOBK ,
2007-09-01 00:00:00,PROMOBK ,
2007-12-01 00:00:00,PROMOBK ,
2008-03-01 00:00:00,PROMOBK ,
2008-06-01 00:00:00,PROMOBK ,
2008-09-01 00:00:00,PROMOBK ,
2008-12-01 00:00:00,PROMOBK ,
2009-03-01 00:00:00,PROMOBK ,
2009-06-01 00:00:00,PROMOBK ,
2009-09-01 00:00:00,PROMOBK ,
2009-12-01 00:00:00,PROMOBK ,
2010-03-01 00:00:00,PROMOBK ,
2010-06-01 00:00:00,PROMOBK ,
2010-09-01 00:00:00,PROMOBK ,
2010-12-01 00:00:00,PROMOBK ,
2011-03-01 00:00:00,PROMOBK ,
2011-06-01 00:00:00,PROMOBK ,
2011-09-01 00:00:00,PROMOBK ,
2011-12-01 00:00:00,PROMOBK ,
2012-03-01 00:00:00,PROMOBK ,
2012-06-01 00:00:00,PROMOBK ,
2012-09-01 00:00:00,PROMOBK ,
2012-12-01 00:00:00,PROMOBK ,
2013-03-01 00:00:00,PROMOBK ,
2013-06-01 00:00:00,PROMOBK ,
2013-09-01 00:00:00,PROMOBK ,
2013-12-01 00:00:00,PROMOBK ,
2014-03-01 00:00:00,PROMOBK ,
2014-06-01 00:00:00,PROMOBK ,
2014-09-01 00:00:00,PROMOBK ,
2014-12-01 00:00:00,PROMOBK ,
2015-03-01 00:00:00,PROMOBK ,
2015-06-01 00:00:00,PROMOBK ,
2015-09-01 00:00:00,PROMOBK ,
2015-12-01 00:00:00,PROMOBK ,
1998-09-01 00:00:00,SOCABK,144
1998-12-01 00:00:00,SOCABK,150
1999-03-01 00:00:00,SOCABK,152
1999-06-01 00:00:00,SOCABK,164
1999-09-01 00:00:00,SOCABK,177
1999-12-01 00:00:00,SOCABK,188
2000-03-01 00:00:00,SOCABK,206
2000-06-01 00:00:00,SOCABK,218
2000-09-01 00:00:00,SOCABK,230
2000-12-01 00:00:00,SOCABK,236
2001-03-01 00:00:00,SOCABK,262
2001-06-01 00:00:00,SOCABK,277
2001-09-01 00:00:00,SOCABK,290
2001-12-01 00:00:00,SOCABK,302
2002-03-01 00:00:00,SOCABK,315
2002-06-01 00:00:00,SOCABK,326
2002-09-01 00:00:00,SOCABK,321
2002-12-01 00:00:00,SOCABK,329
2003-03-01 00:00:00,SOCABK,350
2003-06-01 00:00:00,SOCABK,375
2003-09-01 00:00:00,SOCABK,358
2003-12-01 00:00:00,SOCABK,377
2004-03-01 00:00:00,SOCABK,362
2004-06-01 00:00:00,SOCABK,360
2004-09-01 00:00:00,SOCABK,367
2004-12-01 00:00:00,SOCABK,392
2005-03-01 00:00:00,SOCABK,404
2005-06-01 00:00:00,SOCABK,378
2005-09-01 00:00:00,SOCABK,589
2005-12-01 00:00:00,SOCABK,498
2006-03-01 00:00:00,SOCABK,454
2006-06-01 00:00:00,SOCABK,428
2006-09-01 00:00:00,SOCABK,413
2006-12-01 00:00:00,SOCABK,424
2007-03-01 00:00:00,SOCABK,
2007-06-01 00:00:00,SOCABK,
2007-09-01 00:00:00,SOCABK,
2007-12-01 00:00:00,SOCABK,
2008-03-01 00:00:00,SOCABK,
2008-06-01 00:00:00,SOCABK,
2008-09-01 00:00:00,SOCABK,
2008-12-01 00:00:00,SOCABK,
2009-03-01 00:00:00,SOCABK,
2009-06-01 00:00:00,SOCABK,
2009-09-01 00:00:00,SOCABK,
2009-12-01 00:00:00,SOCABK,
2010-03-01 00:00:00,SOCABK,
2010-06-01 00:00:00,SOCABK,
2010-09-01 00:00:00,SOCABK,
2010-12-01 00:00:00,SOCABK,
2011-03-01 00:00:00,SOCABK,
2011-06-01 00:00:00,SOCABK,
2011-09-01 00:00:00,SOCABK,
2011-12-01 00:00:00,SOCABK,
2012-03-01 00:00:00,SOCABK,
2012-06-01 00:00:00,SOCABK,
2012-09-01 00:00:00,SOCABK,
2012-12-01 00:00:00,SOCABK,
2013-03-01 00:00:00,SOCABK,
2013-06-01 00:00:00,SOCABK,
2013-09-01 00:00:00,SOCABK,
2013-12-01 00:00:00,SOCABK,
2014-03-01 00:00:00,SOCABK,
2014-06-01 00:00:00,SOCABK,
2014-09-01 00:00:00,SOCABK,
2014-12-01 00:00:00,SOCABK,
2015-03-01 00:00:00,SOCABK,
2015-06-01 00:00:00,SOCABK,
2015-09-01 00:00:00,SOCABK,
2015-12-01 00:00:00,SOCABK,
1998-09-01 00:00:00,SOCABL,0
1998-12-01 00:00:00,SOCABL,0
1999-03-01 00:00:00,SOCABL,0
1999-06-01 00:00:00,SOCABL,0
1999-09-01 00:00:00,SOCABL,0
1999-12-01 00:00:00,SOCABL,0
2000-03-01 00:00:00,SOCABL,0
2000-06-01 00:00:00,SOCABL,0
2000-09-01 00:00:00,SOCABL,0
2000-12-01 00:00:00,SOCABL,0
2001-03-01 00:00:00,SOCABL,0
2001-06-01 00:00:00,SOCABL,0
2001-09-01 00:00:00,SOCABL,0
2001-12-01 00:00:00,SOCABL,0
2002-03-01 00:00:00,SOCABL,0
2002-06-01 00:00:00,SOCABL,20
2002-09-01 00:00:00,SOCABL,20
2002-12-01 00:00:00,SOCABL,20
2003-03-01 00:00:00,SOCABL,20
2003-06-01 00:00:00,SOCABL,23
2003-09-01 00:00:00,SOCABL,23
2003-12-01 00:00:00,SOCABL,23
2004-03-01 00:00:00,SOCABL,23
2004-06-01 00:00:00,SOCABL,23
2004-09-01 00:00:00,SOCABL,23
2004-12-01 00:00:00,SOCABL,25
2005-03-01 00:00:00,SOCABL,24
2005-06-01 00:00:00,SOCABL,25
2005-09-01 00:00:00,SOCABL,25
2005-12-01 00:00:00,SOCABL,26
2006-03-01 00:00:00,SOCABL,16
2006-06-01 00:00:00,SOCABL,
2006-09-01 00:00:00,SOCABL,
2006-12-01 00:00:00,SOCABL,
2007-03-01 00:00:00,SOCABL,
2007-06-01 00:00:00,SOCABL,
2007-09-01 00:00:00,SOCABL,
2007-12-01 00:00:00,SOCABL,
2008-03-01 00:00:00,SOCABL,
2008-06-01 00:00:00,SOCABL,
2008-09-01 00:00:00,SOCABL,
2008-12-01 00:00:00,SOCABL,
2009-03-01 00:00:00,SOCABL,
2009-06-01 00:00:00,SOCABL,
2009-09-01 00:00:00,SOCABL,
2009-12-01 00:00:00,SOCABL,
2010-03-01 00:00:00,SOCABL,
2010-06-01 00:00:00,SOCABL,
2010-09-01 00:00:00,SOCABL,
2010-12-01 00:00:00,SOCABL,
2011-03-01 00:00:00,SOCABL,
2011-06-01 00:00:00,SOCABL,
2011-09-01 00:00:00,SOCABL,
2011-12-01 00:00:00,SOCABL,
2012-03-01 00:00:00,SOCABL,
2012-06-01 00:00:00,SOCABL,
2012-09-01 00:00:00,SOCABL,
2012-12-01 00:00:00,SOCABL,
2013-03-01 00:00:00,SOCABL,
2013-06-01 00:00:00,SOCABL,
2013-09-01 00:00:00,SOCABL,
2013-12-01 00:00:00,SOCABL,
2014-03-01 00:00:00,SOCABL,
2014-06-01 00:00:00,SOCABL,
2014-09-01 00:00:00,SOCABL,
2014-12-01 00:00:00,SOCABL,
2015-03-01 00:00:00,SOCABL,
2015-06-01 00:00:00,SOCABL,
2015-09-01 00:00:00,SOCABL,
2015-12-01 00:00:00,SOCABL,
1998-09-01 00:00:00,SOGEBK,515
1998-12-01 00:00:00,SOGEBK,514
1999-03-01 00:00:00,SOGEBK,543
1999-06-01 00:00:00,SOGEBK,694
1999-09-01 00:00:00,SOGEBK,750
1999-12-01 00:00:00,SOGEBK,806
2000-03-01 00:00:00,SOGEBK,826
2000-06-01 00:00:00,SOGEBK,890
2000-09-01 00:00:00,SOGEBK,969
2000-12-01 00:00:00,SOGEBK,986
2001-03-01 00:00:00,SOGEBK,1130
2001-06-01 00:00:00,SOGEBK,997
2001-09-01 00:00:00,SOGEBK,1100
2001-12-01 00:00:00,SOGEBK,1042
2002-03-01 00:00:00,SOGEBK,1055
2002-06-01 00:00:00,SOGEBK,988
2002-09-01 00:00:00,SOGEBK,972
2002-12-01 00:00:00,SOGEBK,836
2003-03-01 00:00:00,SOGEBK,831
2003-06-01 00:00:00,SOGEBK,831
2003-09-01 00:00:00,SOGEBK,841
2003-12-01 00:00:00,SOGEBK,868
2004-03-01 00:00:00,SOGEBK,863
2004-06-01 00:00:00,SOGEBK,820
2004-09-01 00:00:00,SOGEBK,898
2004-12-01 00:00:00,SOGEBK,911
2005-03-01 00:00:00,SOGEBK,912
2005-06-01 00:00:00,SOGEBK,922
2005-09-01 00:00:00,SOGEBK,942
2005-12-01 00:00:00,SOGEBK,953
2006-03-01 00:00:00,SOGEBK,956
2006-06-01 00:00:00,SOGEBK,975
2006-09-01 00:00:00,SOGEBK,1192
2006-12-01 00:00:00,SOGEBK,1216
2007-03-01 00:00:00,SOGEBK,1192
2007-06-01 00:00:00,SOGEBK,1212
2007-09-01 00:00:00,SOGEBK,1168
2007-12-01 00:00:00,SOGEBK,1155
2008-03-01 00:00:00,SOGEBK,1214
2008-06-01 00:00:00,SOGEBK,1246
2008-09-01 00:00:00,SOGEBK,1245
2008-12-01 00:00:00,SOGEBK,1264
2009-03-01 00:00:00,SOGEBK,1263
2009-06-01 00:00:00,SOGEBK,1256
2009-09-01 00:00:00,SOGEBK,1272
2009-12-01 00:00:00,SOGEBK,1304
2010-03-01 00:00:00,SOGEBK,1187
2010-06-01 00:00:00,SOGEBK,1142
2010-09-01 00:00:00,SOGEBK,1108
2010-12-01 00:00:00,SOGEBK,1086
2011-03-01 00:00:00,SOGEBK,1096
2011-06-01 00:00:00,SOGEBK,1114
2011-09-01 00:00:00,SOGEBK,1150
2011-12-01 00:00:00,SOGEBK,1190
2012-03-01 00:00:00,SOGEBK,1218
2012-06-01 00:00:00,SOGEBK,1241
2012-09-01 00:00:00,SOGEBK,1258
2012-12-01 00:00:00,SOGEBK,1278
2013-03-01 00:00:00,SOGEBK,1280
2013-06-01 00:00:00,SOGEBK,1302
2013-09-01 00:00:00,SOGEBK,1344
2013-12-01 00:00:00,SOGEBK,1362
2014-03-01 00:00:00,SOGEBK,1401
2014-06-01 00:00:00,SOGEBK,1428
2014-09-01 00:00:00,SOGEBK,1450
2014-12-01 00:00:00,SOGEBK,1454
2015-03-01 00:00:00,SOGEBK,1456
2015-06-01 00:00:00,SOGEBK,1454
2015-09-01 00:00:00,SOGEBK,1466
2015-12-01 00:00:00,SOGEBK,1441
1998-09-01 00:00:00,UNIBK,326
1998-12-01 00:00:00,UNIBK,368
1999-03-01 00:00:00,UNIBK,392
1999-06-01 00:00:00,UNIBK,381
1999-09-01 00:00:00,UNIBK,412
1999-12-01 00:00:00,UNIBK,455
2000-03-01 00:00:00,UNIBK,492
2000-06-01 00:00:00,UNIBK,547
2000-09-01 00:00:00,UNIBK,570
2000-12-01 00:00:00,UNIBK,596
2001-03-01 00:00:00,UNIBK,597
2001-06-01 00:00:00,UNIBK,621
2001-09-01 00:00:00,UNIBK,688
2001-12-01 00:00:00,UNIBK,720
2002-03-01 00:00:00,UNIBK,830
2002-06-01 00:00:00,UNIBK,749
2002-09-01 00:00:00,UNIBK,753
2002-12-01 00:00:00,UNIBK,662
2003-03-01 00:00:00,UNIBK,676
2003-06-01 00:00:00,UNIBK,686
2003-09-01 00:00:00,UNIBK,695
2003-12-01 00:00:00,UNIBK,741
2004-03-01 00:00:00,UNIBK,751
2004-06-01 00:00:00,UNIBK,756
2004-09-01 00:00:00,UNIBK,762
2004-12-01 00:00:00,UNIBK,726
2005-03-01 00:00:00,UNIBK,754
2005-06-01 00:00:00,UNIBK,748
2005-09-01 00:00:00,UNIBK,772
2005-12-01 00:00:00,UNIBK,789
2006-03-01 00:00:00,UNIBK,817
2006-06-01 00:00:00,UNIBK,842
2006-09-01 00:00:00,UNIBK,874
2006-12-01 00:00:00,UNIBK,919
2007-03-01 00:00:00,UNIBK,920
2007-06-01 00:00:00,UNIBK,929
2007-09-01 00:00:00,UNIBK,994
2007-12-01 00:00:00,UNIBK,1073
2008-03-01 00:00:00,UNIBK,1122
2008-06-01 00:00:00,UNIBK,1116
2008-09-01 00:00:00,UNIBK,1120
2008-12-01 00:00:00,UNIBK,1159
2009-03-01 00:00:00,UNIBK,1156
2009-06-01 00:00:00,UNIBK,1125
2009-09-01 00:00:00,UNIBK,1111
2009-12-01 00:00:00,UNIBK,1084
2010-03-01 00:00:00,UNIBK,928
2010-06-01 00:00:00,UNIBK,913
2010-09-01 00:00:00,UNIBK,899
2010-12-01 00:00:00,UNIBK,917
2011-03-01 00:00:00,UNIBK,947
2011-06-01 00:00:00,UNIBK,1555
2011-09-01 00:00:00,UNIBK,949
2011-12-01 00:00:00,UNIBK,949
2012-03-01 00:00:00,UNIBK,983
2012-06-01 00:00:00,UNIBK,1027
2012-09-01 00:00:00,UNIBK,1034
2012-12-01 00:00:00,UNIBK,1025
2013-03-01 00:00:00,UNIBK,1015
2013-06-01 00:00:00,UNIBK,1046
2013-09-01 00:00:00,UNIBK,1038
2013-12-01 00:00:00,UNIBK,1035
2014-03-01 00:00:00,UNIBK,1084
2014-06-01 00:00:00,UNIBK,1101
2014-09-01 00:00:00,UNIBK,1107
2014-12-01 00:00:00,UNIBK,1124
2015-03-01 00:00:00,UNIBK,1131
2015-06-01 00:00:00,UNIBK,1150
2015-09-01 00:00:00,UNIBK,1155
2015-12-01 00:00:00,UNIBK,1186
1998-09-01 00:00:00,CAPITALBK,94
1998-12-01 00:00:00,CAPITALBK,97
1999-03-01 00:00:00,CAPITALBK,120
1999-06-01 00:00:00,CAPITALBK,124
1999-09-01 00:00:00,CAPITALBK,157
1999-12-01 00:00:00,CAPITALBK,146
2000-03-01 00:00:00,CAPITALBK,146
2000-06-01 00:00:00,CAPITALBK,154
2000-09-01 00:00:00,CAPITALBK,190
2000-12-01 00:00:00,CAPITALBK,184
2001-03-01 00:00:00,CAPITALBK,195
2001-06-01 00:00:00,CAPITALBK,203
2001-09-01 00:00:00,CAPITALBK,216
2001-12-01 00:00:00,CAPITALBK,225
2002-03-01 00:00:00,CAPITALBK,227
2002-06-01 00:00:00,CAPITALBK,222
2002-09-01 00:00:00,CAPITALBK,216
2002-12-01 00:00:00,CAPITALBK,237
2003-03-01 00:00:00,CAPITALBK,220
2003-06-01 00:00:00,CAPITALBK,231
2003-09-01 00:00:00,CAPITALBK,247
2003-12-01 00:00:00,CAPITALBK,264
2004-03-01 00:00:00,CAPITALBK,268
2004-06-01 00:00:00,CAPITALBK,271
2004-09-01 00:00:00,CAPITALBK,299
2004-12-01 00:00:00,CAPITALBK,280
2005-03-01 00:00:00,CAPITALBK,294
2005-06-01 00:00:00,CAPITALBK,279
2005-09-01 00:00:00,CAPITALBK,290
2005-12-01 00:00:00,CAPITALBK,267
2006-03-01 00:00:00,CAPITALBK,284
2006-06-01 00:00:00,CAPITALBK,277
2006-09-01 00:00:00,CAPITALBK,281
2006-12-01 00:00:00,CAPITALBK,280
2007-03-01 00:00:00,CAPITALBK,295
2007-06-01 00:00:00,CAPITALBK,302
2007-09-01 00:00:00,CAPITALBK,309
2007-12-01 00:00:00,CAPITALBK,312
2008-03-01 00:00:00,CAPITALBK,317
2008-06-01 00:00:00,CAPITALBK,349
2008-09-01 00:00:00,CAPITALBK,314
2008-12-01 00:00:00,CAPITALBK,345
2009-03-01 00:00:00,CAPITALBK,346
2009-06-01 00:00:00,CAPITALBK,368
2009-09-01 00:00:00,CAPITALBK,379
2009-12-01 00:00:00,CAPITALBK,382
2010-03-01 00:00:00,CAPITALBK,362
2010-06-01 00:00:00,CAPITALBK,351
2010-09-01 00:00:00,CAPITALBK,347
2010-12-01 00:00:00,CAPITALBK,359
2011-03-01 00:00:00,CAPITALBK,371
2011-06-01 00:00:00,CAPITALBK,390
2011-09-01 00:00:00,CAPITALBK,446
2011-12-01 00:00:00,CAPITALBK,456
2012-03-01 00:00:00,CAPITALBK,469
2012-06-01 00:00:00,CAPITALBK,474
2012-09-01 00:00:00,CAPITALBK,469
2012-12-01 00:00:00,CAPITALBK,478
2013-03-01 00:00:00,CAPITALBK,463
2013-06-01 00:00:00,CAPITALBK,467
2013-09-01 00:00:00,CAPITALBK,497
2013-12-01 00:00:00,CAPITALBK,496
2014-03-01 00:00:00,CAPITALBK,503
2014-06-01 00:00:00,CAPITALBK,489
2014-09-01 00:00:00,CAPITALBK,531
2014-12-01 00:00:00,CAPITALBK,531
2015-03-01 00:00:00,CAPITALBK,550
2015-06-01 00:00:00,CAPITALBK,551
2015-09-01 00:00:00,CAPITALBK,569
2015-12-01 00:00:00,CAPITALBK,603
1998-09-01 00:00:00,SOGEBL,44
1998-12-01 00:00:00,SOGEBL,46
1999-03-01 00:00:00,SOGEBL,49
1999-06-01 00:00:00,SOGEBL,49
1999-09-01 00:00:00,SOGEBL,48
1999-12-01 00:00:00,SOGEBL,50
2000-03-01 00:00:00,SOGEBL,56
2000-06-01 00:00:00,SOGEBL,55
2000-09-01 00:00:00,SOGEBL,55
2000-12-01 00:00:00,SOGEBL,56
2001-03-01 00:00:00,SOGEBL,58
2001-06-01 00:00:00,SOGEBL,61
2001-09-01 00:00:00,SOGEBL,58
2001-12-01 00:00:00,SOGEBL,59
2002-03-01 00:00:00,SOGEBL,60
2002-06-01 00:00:00,SOGEBL,59
2002-09-01 00:00:00,SOGEBL,60
2002-12-01 00:00:00,SOGEBL,58
2003-03-01 00:00:00,SOGEBL,60
2003-06-01 00:00:00,SOGEBL,61
2003-09-01 00:00:00,SOGEBL,57
2003-12-01 00:00:00,SOGEBL,61
2004-03-01 00:00:00,SOGEBL,61
2004-06-01 00:00:00,SOGEBL,59
2004-09-01 00:00:00,SOGEBL,62
2004-12-01 00:00:00,SOGEBL,55
2005-03-01 00:00:00,SOGEBL,54
2005-06-01 00:00:00,SOGEBL,55
2005-09-01 00:00:00,SOGEBL,53
2005-12-01 00:00:00,SOGEBL,57
2006-03-01 00:00:00,SOGEBL,55
2006-06-01 00:00:00,SOGEBL,52
2006-09-01 00:00:00,SOGEBL,57
2006-12-01 00:00:00,SOGEBL,57
2007-03-01 00:00:00,SOGEBL,58
2007-06-01 00:00:00,SOGEBL,60
2007-09-01 00:00:00,SOGEBL,59
2007-12-01 00:00:00,SOGEBL,60
2008-03-01 00:00:00,SOGEBL,63
2008-06-01 00:00:00,SOGEBL,61
2008-09-01 00:00:00,SOGEBL,62
2008-12-01 00:00:00,SOGEBL,63
2009-03-01 00:00:00,SOGEBL,59
2009-06-01 00:00:00,SOGEBL,61
2009-09-01 00:00:00,SOGEBL,60
2009-12-01 00:00:00,SOGEBL,62
2010-03-01 00:00:00,SOGEBL,56
2010-06-01 00:00:00,SOGEBL,53
2010-09-01 00:00:00,SOGEBL,51
2010-12-01 00:00:00,SOGEBL,49
2011-03-01 00:00:00,SOGEBL,52
2011-06-01 00:00:00,SOGEBL,51
2011-09-01 00:00:00,SOGEBL,50
2011-12-01 00:00:00,SOGEBL,49
2012-03-01 00:00:00,SOGEBL,55
2012-06-01 00:00:00,SOGEBL,52
2012-09-01 00:00:00,SOGEBL,57
2012-12-01 00:00:00,SOGEBL,57
2013-03-01 00:00:00,SOGEBL,57
2013-06-01 00:00:00,SOGEBL,57
2013-09-01 00:00:00,SOGEBL,59
2013-12-01 00:00:00,SOGEBL,65
2014-03-01 00:00:00,SOGEBL,66
2014-06-01 00:00:00,SOGEBL,67
2014-09-01 00:00:00,SOGEBL,67
2014-12-01 00:00:00,SOGEBL,68
2015-03-01 00:00:00,SOGEBL,69
2015-06-01 00:00:00,SOGEBL,70
2015-09-01 00:00:00,SOGEBL,71
2015-12-01 00:00:00,SOGEBL,70
1998-09-01 00:00:00,BHD,0
1998-12-01 00:00:00,BHD,0
1999-03-01 00:00:00,BHD,0
1999-06-01 00:00:00,BHD,0
1999-09-01 00:00:00,BHD,0
1999-12-01 00:00:00,BHD,22
2000-03-01 00:00:00,BHD,23
2000-06-01 00:00:00,BHD,18
2000-09-01 00:00:00,BHD,22
2000-12-01 00:00:00,BHD,30
2001-03-01 00:00:00,BHD,29
2001-06-01 00:00:00,BHD,33
2001-09-01 00:00:00,BHD,28
2001-12-01 00:00:00,BHD,31
2002-03-01 00:00:00,BHD,0
2002-06-01 00:00:00,BHD,0
2002-09-01 00:00:00,BHD,0
2002-12-01 00:00:00,BHD,0
2003-03-01 00:00:00,BHD,0
2003-06-01 00:00:00,BHD,0
2003-09-01 00:00:00,BHD,0
2003-12-01 00:00:00,BHD,0
2004-03-01 00:00:00,BHD,0
2004-06-01 00:00:00,BHD,0
2004-09-01 00:00:00,BHD,0
2004-12-01 00:00:00,BHD,0
2005-03-01 00:00:00,BHD,0
2005-06-01 00:00:00,BHD,0
2005-09-01 00:00:00,BHD,0
2005-12-01 00:00:00,BHD,0
2006-03-01 00:00:00,BHD,0
2006-06-01 00:00:00,BHD,0
2006-09-01 00:00:00,BHD,0
2006-12-01 00:00:00,BHD,0
2007-03-01 00:00:00,BHD,0
2007-06-01 00:00:00,BHD,0
2007-09-01 00:00:00,BHD,0
2007-12-01 00:00:00,BHD,0
2008-03-01 00:00:00,BHD,0
2008-06-01 00:00:00,BHD,0
2008-09-01 00:00:00,BHD,0
2008-12-01 00:00:00,BHD,0
2009-03-01 00:00:00,BHD,0
2009-06-01 00:00:00,BHD,0
2009-09-01 00:00:00,BHD,0
2009-12-01 00:00:00,BHD,0
2010-03-01 00:00:00,BHD,0
2010-06-01 00:00:00,BHD,0
2010-09-01 00:00:00,BHD,0
2010-12-01 00:00:00,BHD,0
2011-03-01 00:00:00,BHD,0
2011-06-01 00:00:00,BHD,0
2011-09-01 00:00:00,BHD,0
2011-12-01 00:00:00,BHD,0
2012-03-01 00:00:00,BHD,0
2012-06-01 00:00:00,BHD,0
2012-09-01 00:00:00,BHD,0
2012-12-01 00:00:00,BHD,0
2013-03-01 00:00:00,BHD,0
2013-06-01 00:00:00,BHD,0
2013-09-01 00:00:00,BHD,0
2013-12-01 00:00:00,BHD,0
2014-03-01 00:00:00,BHD,0
2014-06-01 00:00:00,BHD,0
2014-09-01 00:00:00,BHD,0
2014-12-01 00:00:00,BHD,0
2015-03-01 00:00:00,BHD,0
2015-06-01 00:00:00,BHD,0
2015-09-01 00:00:00,BHD,0
2015-12-01 00:00:00,BHD,0
1998-09-01 00:00:00,CBNA,53
1998-12-01 00:00:00,CBNA,54
1999-03-01 00:00:00,CBNA,56
1999-06-01 00:00:00,CBNA,56
1999-09-01 00:00:00,CBNA,51
1999-12-01 00:00:00,CBNA,59
2000-03-01 00:00:00,CBNA,60
2000-06-01 00:00:00,CBNA,59
2000-09-01 00:00:00,CBNA,60
2000-12-01 00:00:00,CBNA,63
2001-03-01 00:00:00,CBNA,65
2001-06-01 00:00:00,CBNA,65
2001-09-01 00:00:00,CBNA,66
2001-12-01 00:00:00,CBNA,62
2002-03-01 00:00:00,CBNA,58
2002-06-01 00:00:00,CBNA,57
2002-09-01 00:00:00,CBNA,60
2002-12-01 00:00:00,CBNA,57
2003-03-01 00:00:00,CBNA,50
2003-06-01 00:00:00,CBNA,48
2003-09-01 00:00:00,CBNA,48
2003-12-01 00:00:00,CBNA,48
2004-03-01 00:00:00,CBNA,49
2004-06-01 00:00:00,CBNA,45
2004-09-01 00:00:00,CBNA,47
2004-12-01 00:00:00,CBNA,49
2005-03-01 00:00:00,CBNA,46
2005-06-01 00:00:00,CBNA,47
2005-09-01 00:00:00,CBNA,46
2005-12-01 00:00:00,CBNA,44
2006-03-01 00:00:00,CBNA,45
2006-06-01 00:00:00,CBNA,41
2006-09-01 00:00:00,CBNA,47
2006-12-01 00:00:00,CBNA,46
2007-03-01 00:00:00,CBNA,46
2007-06-01 00:00:00,CBNA,44
2007-09-01 00:00:00,CBNA,46
2007-12-01 00:00:00,CBNA,47
2008-03-01 00:00:00,CBNA,44
2008-06-01 00:00:00,CBNA,44
2008-09-01 00:00:00,CBNA,41
2008-12-01 00:00:00,CBNA,41
2009-03-01 00:00:00,CBNA,38
2009-06-01 00:00:00,CBNA,42
2009-09-01 00:00:00,CBNA,44
2009-12-01 00:00:00,CBNA,44
2010-03-01 00:00:00,CBNA,36
2010-06-01 00:00:00,CBNA,36
2010-09-01 00:00:00,CBNA,38
2010-12-01 00:00:00,CBNA,40
2011-03-01 00:00:00,CBNA,39
2011-06-01 00:00:00,CBNA,39
2011-09-01 00:00:00,CBNA,39
2011-12-01 00:00:00,CBNA,39
2012-03-01 00:00:00,CBNA,40
2012-06-01 00:00:00,CBNA,39
2012-09-01 00:00:00,CBNA,38
2012-12-01 00:00:00,CBNA,38
2013-03-01 00:00:00,CBNA,39
2013-06-01 00:00:00,CBNA,37
2013-09-01 00:00:00,CBNA,37
2013-12-01 00:00:00,CBNA,39
2014-03-01 00:00:00,CBNA,39
2014-06-01 00:00:00,CBNA,33
2014-09-01 00:00:00,CBNA,33
2014-12-01 00:00:00,CBNA,32
2015-03-01 00:00:00,CBNA,34
2015-06-01 00:00:00,CBNA,37
2015-09-01 00:00:00,CBNA,38
2015-12-01 00:00:00,CBNA,38
1998-09-01 00:00:00,SCOTIA,80
1998-12-01 00:00:00,SCOTIA,81
1999-03-01 00:00:00,SCOTIA,82
1999-06-01 00:00:00,SCOTIA,82
1999-09-01 00:00:00,SCOTIA,84
1999-12-01 00:00:00,SCOTIA,84
2000-03-01 00:00:00,SCOTIA,84
2000-06-01 00:00:00,SCOTIA,87
2000-09-01 00:00:00,SCOTIA,89
2000-12-01 00:00:00,SCOTIA,90
2001-03-01 00:00:00,SCOTIA,90
2001-06-01 00:00:00,SCOTIA,90
2001-09-01 00:00:00,SCOTIA,90
2001-12-01 00:00:00,SCOTIA,90
2002-03-01 00:00:00,SCOTIA,88
2002-06-01 00:00:00,SCOTIA,90
2002-09-01 00:00:00,SCOTIA,88
2002-12-01 00:00:00,SCOTIA,88
2003-03-01 00:00:00,SCOTIA,88
2003-06-01 00:00:00,SCOTIA,90
2003-09-01 00:00:00,SCOTIA,83
2003-12-01 00:00:00,SCOTIA,88
2004-03-01 00:00:00,SCOTIA,88
2004-06-01 00:00:00,SCOTIA,83
2004-09-01 00:00:00,SCOTIA,80
2004-12-01 00:00:00,SCOTIA,84
2005-03-01 00:00:00,SCOTIA,91
2005-06-01 00:00:00,SCOTIA,97
2005-09-01 00:00:00,SCOTIA,97
2005-12-01 00:00:00,SCOTIA,97
2006-03-01 00:00:00,SCOTIA,97
2006-06-01 00:00:00,SCOTIA,90
2006-09-01 00:00:00,SCOTIA,97
2006-12-01 00:00:00,SCOTIA,97
2007-03-01 00:00:00,SCOTIA,97
2007-06-01 00:00:00,SCOTIA,97
2007-09-01 00:00:00,SCOTIA,97
2007-12-01 00:00:00,SCOTIA,90
2008-03-01 00:00:00,SCOTIA,90
2008-06-01 00:00:00,SCOTIA,91
2008-09-01 00:00:00,SCOTIA,91
2008-12-01 00:00:00,SCOTIA,91
2009-03-01 00:00:00,SCOTIA,88
2009-06-01 00:00:00,SCOTIA,88
2009-09-01 00:00:00,SCOTIA,88
2009-12-01 00:00:00,SCOTIA,97
2010-03-01 00:00:00,SCOTIA,90
2010-06-01 00:00:00,SCOTIA,84
2010-09-01 00:00:00,SCOTIA,84
2010-12-01 00:00:00,SCOTIA,84
2011-03-01 00:00:00,SCOTIA,85
2011-06-01 00:00:00,SCOTIA,82
2011-09-01 00:00:00,SCOTIA,82
2011-12-01 00:00:00,SCOTIA,82
2012-03-01 00:00:00,SCOTIA,82
2012-06-01 00:00:00,SCOTIA,82
2012-09-01 00:00:00,SCOTIA,88
2012-12-01 00:00:00,SCOTIA,92
2013-03-01 00:00:00,SCOTIA,92
2013-06-01 00:00:00,SCOTIA,91
2013-09-01 00:00:00,SCOTIA,90
2013-12-01 00:00:00,SCOTIA,91
2014-03-01 00:00:00,SCOTIA,90
2014-06-01 00:00:00,SCOTIA,90
2014-09-01 00:00:00,SCOTIA,90
2014-12-01 00:00:00,SCOTIA,85
2015-03-01 00:00:00,SCOTIA,86
2015-06-01 00:00:00,SCOTIA,86
2015-09-01 00:00:00,SCOTIA,88
2015-12-01 00:00:00,SCOTIA,90
1998-09-01 00:00:00,TOTAL,2411
1998-12-01 00:00:00,TOTAL,2591
1999-03-01 00:00:00,TOTAL,2670
1999-06-01 00:00:00,TOTAL,2654
1999-09-01 00:00:00,TOTAL,2659
1999-12-01 00:00:00,TOTAL,2712
2000-03-01 00:00:00,TOTAL,2799
2000-06-01 00:00:00,TOTAL,2880
2000-09-01 00:00:00,TOTAL,2989
2000-12-01 00:00:00,TOTAL,2991
2001-03-01 00:00:00,TOTAL,3179
2001-06-01 00:00:00,TOTAL,3077
2001-09-01 00:00:00,TOTAL,3351
2001-12-01 00:00:00,TOTAL,3351
2002-03-01 00:00:00,TOTAL,3434
2002-06-01 00:00:00,TOTAL,3324
2002-09-01 00:00:00,TOTAL,3265
2002-12-01 00:00:00,TOTAL,3185
2003-03-01 00:00:00,TOTAL,3200
2003-06-01 00:00:00,TOTAL,3250
2003-09-01 00:00:00,TOTAL,3305
2003-12-01 00:00:00,TOTAL,3417
2004-03-01 00:00:00,TOTAL,3447
2004-06-01 00:00:00,TOTAL,3418
2004-09-01 00:00:00,TOTAL,3532
2004-12-01 00:00:00,TOTAL,3549
2005-03-01 00:00:00,TOTAL,3601
2005-06-01 00:00:00,TOTAL,3616
2005-09-01 00:00:00,TOTAL,3936
2005-12-01 00:00:00,TOTAL,3834
2006-03-01 00:00:00,TOTAL,3829
2006-06-01 00:00:00,TOTAL,3812
2006-09-01 00:00:00,TOTAL,3749
2006-12-01 00:00:00,TOTAL,3818
2007-03-01 00:00:00,TOTAL,3831
2007-06-01 00:00:00,TOTAL,3809
2007-09-01 00:00:00,TOTAL,4063
2007-12-01 00:00:00,TOTAL,3909
2008-03-01 00:00:00,TOTAL,3876
2008-06-01 00:00:00,TOTAL,3888
2008-09-01 00:00:00,TOTAL,3909
2008-12-01 00:00:00,TOTAL,3934
2009-03-01 00:00:00,TOTAL,3901
2009-06-01 00:00:00,TOTAL,3936
2009-09-01 00:00:00,TOTAL,3919
2009-12-01 00:00:00,TOTAL,3942
2010-03-01 00:00:00,TOTAL,3555
2010-06-01 00:00:00,TOTAL,3458
2010-09-01 00:00:00,TOTAL,3395
2010-12-01 00:00:00,TOTAL,3393
2011-03-01 00:00:00,TOTAL,3428
2011-06-01 00:00:00,TOTAL,4087
2011-09-01 00:00:00,TOTAL,3572
2011-12-01 00:00:00,TOTAL,3649
2012-03-01 00:00:00,TOTAL,3728
2012-06-01 00:00:00,TOTAL,3796
2012-09-01 00:00:00,TOTAL,3832
2012-12-01 00:00:00,TOTAL,3906
2013-03-01 00:00:00,TOTAL,3872
2013-06-01 00:00:00,TOTAL,3926
2013-09-01 00:00:00,TOTAL,3988
2013-12-01 00:00:00,TOTAL,4012
2014-03-01 00:00:00,TOTAL,4156
2014-06-01 00:00:00,TOTAL,4178
2014-09-01 00:00:00,TOTAL,4279
2014-12-01 00:00:00,TOTAL,4288
2015-03-01 00:00:00,TOTAL,4311
2015-06-01 00:00:00,TOTAL,4337
2015-09-01 00:00:00,TOTAL,4377
2015-12-01 00:00:00,TOTAL,4521
